2026-08-21 08:36:29.163  INFO --- [main] com.portfolio.keyra.KeyraApplication     : Starting KeyraApplication using Java 21.0.10 with PID 15400 (C:\Users\valem\IdeaProjects\password_manager\target\classes started by valem in C:\Users\valem\IdeaProjects\password_manager)
2026-08-21 08:36:29.172  INFO --- [main] com.portfolio.keyra.KeyraApplication     : No active profile set, falling back to 1 default profile: "default"
2026-08-21 08:36:29.906  INFO --- [main] .s.d.r.c.RepositoryConfigurationDelegate : Bootstrapping Spring Data JPA repositories in DEFAULT mode.
2026-08-21 08:36:29.973  INFO --- [main] .s.d.r.c.RepositoryConfigurationDelegate : Finished Spring Data repository scanning in 57 ms. Found 3 JPA repository interfaces.
2026-08-21 08:36:30.509  INFO --- [main] o.s.b.w.embedded.tomcat.TomcatWebServer  : Tomcat initialized with port 8081 (http)
2026-08-21 08:36:30.522  INFO --- [main] o.apache.catalina.core.StandardService   : Starting service [Tomcat]
2026-08-21 08:36:30.522  INFO --- [main] o.apache.catalina.core.StandardEngine    : Starting Servlet engine: [Apache Tomcat/10.1.33]
2026-08-21 08:36:30.592  INFO --- [main] o.a.c.c.C.[Tomcat].[localhost].[/]       : Initializing Spring embedded WebApplicationContext
2026-08-21 08:36:30.593  INFO --- [main] w.s.c.ServletWebServerApplicationContext : Root WebApplicationContext: initialization completed in 1376 ms
2026-08-21 08:36:30.701  INFO --- [main] com.zaxxer.hikari.HikariDataSource       : HikariPool-1 - Starting...
2026-08-21 08:36:30.905  INFO --- [main] com.zaxxer.hikari.pool.HikariPool        : HikariPool-1 - Added connection org.postgresql.jdbc.PgConnection@3dfd6220
2026-08-21 08:36:30.906  INFO --- [main] com.zaxxer.hikari.HikariDataSource       : HikariPool-1 - Start completed.
2026-08-21 08:36:31.087  INFO --- [main] liquibase.database                       : Set default schema name to public
2026-08-21 08:36:31.551  INFO --- [main] liquibase.changelog                      : Reading from public.databasechangelog
2026-08-21 08:36:31.602  INFO --- [main] liquibase.ui                             : Database is up to date, no changesets to execute
2026-08-21 08:36:31.604  INFO --- [main] liquibase.changelog                      : Reading from public.databasechangelog
2026-08-21 08:36:31.611  INFO --- [main] liquibase.util                           : UPDATE SUMMARY
2026-08-21 08:36:31.611  INFO --- [main] liquibase.util                           : Run:                          0
2026-08-21 08:36:31.611  INFO --- [main] liquibase.util                           : Previously run:               3
2026-08-21 08:36:31.611  INFO --- [main] liquibase.util                           : Filtered out:                 0
2026-08-21 08:36:31.611  INFO --- [main] liquibase.util                           : -------------------------------
2026-08-21 08:36:31.611  INFO --- [main] liquibase.util                           : Total change sets:            3
2026-08-21 08:36:31.612  INFO --- [main] liquibase.util                           : Update summary generated
2026-08-21 08:36:31.613  INFO --- [main] liquibase.command                        : Command execution complete
2026-08-21 08:36:31.694  INFO --- [main] o.hibernate.jpa.internal.util.LogHelper  : HHH000204: Processing PersistenceUnitInfo [name: default]
2026-08-21 08:36:31.772  INFO --- [main] org.hibernate.Version                    : HHH000412: Hibernate ORM core version 6.6.2.Final
2026-08-21 08:36:31.815  INFO --- [main] o.h.c.internal.RegionFactoryInitiator    : HHH000026: Second-level cache disabled
2026-08-21 08:36:32.128  INFO --- [main] o.s.o.j.p.SpringPersistenceUnitInfo      : No LoadTimeWeaver setup: ignoring JPA class transformer
2026-08-21 08:36:32.184  WARN --- [main] org.hibernate.orm.deprecation            : HHH90000025: PostgreSQLDialect does not need to be specified explicitly using 'hibernate.dialect' (remove the property setting and it will be selected by default)
2026-08-21 08:36:32.198  INFO --- [main] org.hibernate.orm.connections.pooling    : HHH10001005: Database info:
	Database JDBC URL [Connecting through datasource 'HikariDataSource (HikariPool-1)']
	Database driver: undefined/unknown
	Database version: 18.3
	Autocommit mode: undefined/unknown
	Isolation level: undefined/unknown
	Minimum pool size: undefined/unknown
	Maximum pool size: undefined/unknown
2026-08-21 08:36:33.141  INFO --- [main] o.h.e.t.j.p.i.JtaPlatformInitiator       : HHH000489: No JTA platform available (set 'hibernate.transaction.jta.platform' to enable JTA platform integration)
2026-08-21 08:36:33.181  INFO --- [main] j.LocalContainerEntityManagerFactoryBean : Initialized JPA EntityManagerFactory for persistence unit 'default'
2026-08-21 08:36:33.416  INFO --- [main] o.s.d.j.r.query.QueryEnhancerFactory     : Hibernate is in classpath; If applicable, HQL parser will be used.
2026-08-21 08:36:34.309  WARN --- [main] JpaBaseConfiguration$JpaWebConfiguration : spring.jpa.open-in-view is enabled by default. Therefore, database queries may be performed during view rendering. Explicitly configure spring.jpa.open-in-view to disable this warning
2026-08-21 08:36:34.330  INFO --- [main] r$InitializeUserDetailsManagerConfigurer : Global AuthenticationManager configured with UserDetailsService bean with name userDetailsService
2026-08-21 08:36:34.896  INFO --- [main] o.s.b.w.embedded.tomcat.TomcatWebServer  : Tomcat started on port 8081 (http) with context path '/'
2026-08-21 08:36:34.911  INFO --- [main] com.portfolio.keyra.KeyraApplication     : Started KeyraApplication in 6.153 seconds (process running for 9.202)
2026-08-21 08:37:27.001  INFO --- [http-nio-8081-exec-1] o.a.c.c.C.[Tomcat].[localhost].[/]       : Initializing Spring DispatcherServlet 'dispatcherServlet'
2026-08-21 08:37:27.001  INFO --- [http-nio-8081-exec-1] o.s.web.servlet.DispatcherServlet        : Initializing Servlet 'dispatcherServlet'
2026-08-21 08:37:27.002  INFO --- [http-nio-8081-exec-1] o.s.web.servlet.DispatcherServlet        : Completed initialization in 1 ms
2026-08-21 08:37:27.561  WARN --- [http-nio-8081-exec-4] c.p.k.controller.CustomErrorController   : HTTP Error 404 occurred - URI: /favicon.ico, Message: No static resource favicon.ico.
2026-08-21 08:37:39.331  INFO --- [http-nio-8081-exec-8] p.k.c.CustomAuthenticationSuccessHandler : Session ID: 0F07349ABADF328A910F9E3636F5BD4F
2026-08-21 08:37:39.331  INFO --- [http-nio-8081-exec-8] p.k.c.CustomAuthenticationSuccessHandler : Session max inactive interval: 1800 seconds
2026-08-21 08:37:42.204  WARN --- [http-nio-8081-exec-7] c.p.k.controller.CustomErrorController   : HTTP Error 403 occurred - URI: /activity, Message: Non hai i permessi per vedere il log attività
2026-08-21 08:38:17.275  WARN --- [http-nio-8081-exec-1] c.p.k.controller.CustomErrorController   : HTTP Error 403 occurred - URI: /activity, Message: Non hai i permessi per vedere il log attività
2026-08-21 08:39:26.328  INFO --- [SpringApplicationShutdownHook] o.s.b.w.e.tomcat.GracefulShutdown        : Commencing graceful shutdown. Waiting for active requests to complete
2026-08-21 08:39:26.334  INFO --- [tomcat-shutdown] o.s.b.w.e.tomcat.GracefulShutdown        : Graceful shutdown complete
2026-08-21 08:39:26.338  INFO --- [SpringApplicationShutdownHook] j.LocalContainerEntityManagerFactoryBean : Closing JPA EntityManagerFactory for persistence unit 'default'
2026-08-21 08:39:26.340  INFO --- [SpringApplicationShutdownHook] com.zaxxer.hikari.HikariDataSource       : HikariPool-1 - Shutdown initiated...
2026-08-21 08:39:26.343  INFO --- [SpringApplicationShutdownHook] com.zaxxer.hikari.HikariDataSource       : HikariPool-1 - Shutdown completed.
2026-08-21 08:39:31.229  INFO --- [main] com.portfolio.keyra.KeyraApplication     : Starting KeyraApplication using Java 21.0.10 with PID 12968 (C:\Users\valem\IdeaProjects\password_manager\target\classes started by valem in C:\Users\valem\IdeaProjects\password_manager)
2026-08-21 08:39:31.231  INFO --- [main] com.portfolio.keyra.KeyraApplication     : No active profile set, falling back to 1 default profile: "default"
2026-08-21 08:39:31.933  INFO --- [main] .s.d.r.c.RepositoryConfigurationDelegate : Bootstrapping Spring Data JPA repositories in DEFAULT mode.
2026-08-21 08:39:31.995  INFO --- [main] .s.d.r.c.RepositoryConfigurationDelegate : Finished Spring Data repository scanning in 53 ms. Found 3 JPA repository interfaces.
2026-08-21 08:39:32.488  INFO --- [main] o.s.b.w.embedded.tomcat.TomcatWebServer  : Tomcat initialized with port 8081 (http)
2026-08-21 08:39:32.500  INFO --- [main] o.apache.catalina.core.StandardService   : Starting service [Tomcat]
2026-08-21 08:39:32.500  INFO --- [main] o.apache.catalina.core.StandardEngine    : Starting Servlet engine: [Apache Tomcat/10.1.33]
2026-08-21 08:39:32.559  INFO --- [main] o.a.c.c.C.[Tomcat].[localhost].[/]       : Initializing Spring embedded WebApplicationContext
2026-08-21 08:39:32.559  INFO --- [main] w.s.c.ServletWebServerApplicationContext : Root WebApplicationContext: initialization completed in 1281 ms
2026-08-21 08:39:32.656  INFO --- [main] com.zaxxer.hikari.HikariDataSource       : HikariPool-1 - Starting...
2026-08-21 08:39:32.834  INFO --- [main] com.zaxxer.hikari.pool.HikariPool        : HikariPool-1 - Added connection org.postgresql.jdbc.PgConnection@1cd2ff5b
2026-08-21 08:39:32.836  INFO --- [main] com.zaxxer.hikari.HikariDataSource       : HikariPool-1 - Start completed.
2026-08-21 08:39:32.968  INFO --- [main] liquibase.database                       : Set default schema name to public
2026-08-21 08:39:33.370  INFO --- [main] liquibase.changelog                      : Reading from public.databasechangelog
2026-08-21 08:39:33.414  INFO --- [main] liquibase.ui                             : Database is up to date, no changesets to execute
2026-08-21 08:39:33.414  INFO --- [main] liquibase.changelog                      : Reading from public.databasechangelog
2026-08-21 08:39:33.422  INFO --- [main] liquibase.util                           : UPDATE SUMMARY
2026-08-21 08:39:33.422  INFO --- [main] liquibase.util                           : Run:                          0
2026-08-21 08:39:33.422  INFO --- [main] liquibase.util                           : Previously run:               3
2026-08-21 08:39:33.422  INFO --- [main] liquibase.util                           : Filtered out:                 0
2026-08-21 08:39:33.422  INFO --- [main] liquibase.util                           : -------------------------------
2026-08-21 08:39:33.422  INFO --- [main] liquibase.util                           : Total change sets:            3
2026-08-21 08:39:33.423  INFO --- [main] liquibase.util                           : Update summary generated
2026-08-21 08:39:33.423  INFO --- [main] liquibase.command                        : Command execution complete
2026-08-21 08:39:33.497  INFO --- [main] o.hibernate.jpa.internal.util.LogHelper  : HHH000204: Processing PersistenceUnitInfo [name: default]
2026-08-21 08:39:33.552  INFO --- [main] org.hibernate.Version                    : HHH000412: Hibernate ORM core version 6.6.2.Final
2026-08-21 08:39:33.584  INFO --- [main] o.h.c.internal.RegionFactoryInitiator    : HHH000026: Second-level cache disabled
2026-08-21 08:39:33.834  INFO --- [main] o.s.o.j.p.SpringPersistenceUnitInfo      : No LoadTimeWeaver setup: ignoring JPA class transformer
2026-08-21 08:39:33.879  WARN --- [main] org.hibernate.orm.deprecation            : HHH90000025: PostgreSQLDialect does not need to be specified explicitly using 'hibernate.dialect' (remove the property setting and it will be selected by default)
2026-08-21 08:39:33.892  INFO --- [main] org.hibernate.orm.connections.pooling    : HHH10001005: Database info:
	Database JDBC URL [Connecting through datasource 'HikariDataSource (HikariPool-1)']
	Database driver: undefined/unknown
	Database version: 18.3
	Autocommit mode: undefined/unknown
	Isolation level: undefined/unknown
	Minimum pool size: undefined/unknown
	Maximum pool size: undefined/unknown
2026-08-21 08:39:34.761  INFO --- [main] o.h.e.t.j.p.i.JtaPlatformInitiator       : HHH000489: No JTA platform available (set 'hibernate.transaction.jta.platform' to enable JTA platform integration)
2026-08-21 08:39:34.793  INFO --- [main] j.LocalContainerEntityManagerFactoryBean : Initialized JPA EntityManagerFactory for persistence unit 'default'
2026-08-21 08:39:35.064  INFO --- [main] o.s.d.j.r.query.QueryEnhancerFactory     : Hibernate is in classpath; If applicable, HQL parser will be used.
2026-08-21 08:39:35.934  WARN --- [main] JpaBaseConfiguration$JpaWebConfiguration : spring.jpa.open-in-view is enabled by default. Therefore, database queries may be performed during view rendering. Explicitly configure spring.jpa.open-in-view to disable this warning
2026-08-21 08:39:35.954  INFO --- [main] r$InitializeUserDetailsManagerConfigurer : Global AuthenticationManager configured with UserDetailsService bean with name userDetailsService
2026-08-21 08:39:36.468  INFO --- [main] o.s.b.w.embedded.tomcat.TomcatWebServer  : Tomcat started on port 8081 (http) with context path '/'
2026-08-21 08:39:36.477  INFO --- [main] com.portfolio.keyra.KeyraApplication     : Started KeyraApplication in 5.701 seconds (process running for 6.488)
2026-08-21 08:41:16.968  INFO --- [SpringApplicationShutdownHook] o.s.b.w.e.tomcat.GracefulShutdown        : Commencing graceful shutdown. Waiting for active requests to complete
2026-08-21 08:41:16.973  INFO --- [tomcat-shutdown] o.s.b.w.e.tomcat.GracefulShutdown        : Graceful shutdown complete
2026-08-21 08:41:16.978  INFO --- [SpringApplicationShutdownHook] j.LocalContainerEntityManagerFactoryBean : Closing JPA EntityManagerFactory for persistence unit 'default'
2026-08-21 08:41:16.980  INFO --- [SpringApplicationShutdownHook] com.zaxxer.hikari.HikariDataSource       : HikariPool-1 - Shutdown initiated...
2026-08-21 08:41:16.982  INFO --- [SpringApplicationShutdownHook] com.zaxxer.hikari.HikariDataSource       : HikariPool-1 - Shutdown completed.
2026-08-21 08:41:21.257  INFO --- [main] com.portfolio.keyra.KeyraApplication     : Starting KeyraApplication using Java 21.0.10 with PID 30012 (C:\Users\valem\IdeaProjects\password_manager\target\classes started by valem in C:\Users\valem\IdeaProjects\password_manager)
2026-08-21 08:41:21.259  INFO --- [main] com.portfolio.keyra.KeyraApplication     : No active profile set, falling back to 1 default profile: "default"
2026-08-21 08:41:21.912  INFO --- [main] .s.d.r.c.RepositoryConfigurationDelegate : Bootstrapping Spring Data JPA repositories in DEFAULT mode.
2026-08-21 08:41:21.973  INFO --- [main] .s.d.r.c.RepositoryConfigurationDelegate : Finished Spring Data repository scanning in 52 ms. Found 3 JPA repository interfaces.
2026-08-21 08:41:22.458  INFO --- [main] o.s.b.w.embedded.tomcat.TomcatWebServer  : Tomcat initialized with port 8081 (http)
2026-08-21 08:41:22.472  INFO --- [main] o.apache.catalina.core.StandardService   : Starting service [Tomcat]
2026-08-21 08:41:22.472  INFO --- [main] o.apache.catalina.core.StandardEngine    : Starting Servlet engine: [Apache Tomcat/10.1.33]
2026-08-21 08:41:22.535  INFO --- [main] o.a.c.c.C.[Tomcat].[localhost].[/]       : Initializing Spring embedded WebApplicationContext
2026-08-21 08:41:22.535  INFO --- [main] w.s.c.ServletWebServerApplicationContext : Root WebApplicationContext: initialization completed in 1236 ms
2026-08-21 08:41:22.631  INFO --- [main] com.zaxxer.hikari.HikariDataSource       : HikariPool-1 - Starting...
2026-08-21 08:41:22.803  INFO --- [main] com.zaxxer.hikari.pool.HikariPool        : HikariPool-1 - Added connection org.postgresql.jdbc.PgConnection@5438fa43
2026-08-21 08:41:22.805  INFO --- [main] com.zaxxer.hikari.HikariDataSource       : HikariPool-1 - Start completed.
2026-08-21 08:41:22.935  INFO --- [main] liquibase.database                       : Set default schema name to public
2026-08-21 08:41:23.332  INFO --- [main] liquibase.changelog                      : Reading from public.databasechangelog
2026-08-21 08:41:23.376  INFO --- [main] liquibase.ui                             : Database is up to date, no changesets to execute
2026-08-21 08:41:23.377  INFO --- [main] liquibase.changelog                      : Reading from public.databasechangelog
2026-08-21 08:41:23.384  INFO --- [main] liquibase.util                           : UPDATE SUMMARY
2026-08-21 08:41:23.384  INFO --- [main] liquibase.util                           : Run:                          0
2026-08-21 08:41:23.384  INFO --- [main] liquibase.util                           : Previously run:               3
2026-08-21 08:41:23.384  INFO --- [main] liquibase.util                           : Filtered out:                 0
2026-08-21 08:41:23.384  INFO --- [main] liquibase.util                           : -------------------------------
2026-08-21 08:41:23.384  INFO --- [main] liquibase.util                           : Total change sets:            3
2026-08-21 08:41:23.385  INFO --- [main] liquibase.util                           : Update summary generated
2026-08-21 08:41:23.386  INFO --- [main] liquibase.command                        : Command execution complete
2026-08-21 08:41:23.467  INFO --- [main] o.hibernate.jpa.internal.util.LogHelper  : HHH000204: Processing PersistenceUnitInfo [name: default]
2026-08-21 08:41:23.523  INFO --- [main] org.hibernate.Version                    : HHH000412: Hibernate ORM core version 6.6.2.Final
2026-08-21 08:41:23.555  INFO --- [main] o.h.c.internal.RegionFactoryInitiator    : HHH000026: Second-level cache disabled
2026-08-21 08:41:23.821  INFO --- [main] o.s.o.j.p.SpringPersistenceUnitInfo      : No LoadTimeWeaver setup: ignoring JPA class transformer
2026-08-21 08:41:23.865  WARN --- [main] org.hibernate.orm.deprecation            : HHH90000025: PostgreSQLDialect does not need to be specified explicitly using 'hibernate.dialect' (remove the property setting and it will be selected by default)
2026-08-21 08:41:23.879  INFO --- [main] org.hibernate.orm.connections.pooling    : HHH10001005: Database info:
	Database JDBC URL [Connecting through datasource 'HikariDataSource (HikariPool-1)']
	Database driver: undefined/unknown
	Database version: 18.3
	Autocommit mode: undefined/unknown
	Isolation level: undefined/unknown
	Minimum pool size: undefined/unknown
	Maximum pool size: undefined/unknown
2026-08-21 08:41:24.739  INFO --- [main] o.h.e.t.j.p.i.JtaPlatformInitiator       : HHH000489: No JTA platform available (set 'hibernate.transaction.jta.platform' to enable JTA platform integration)
2026-08-21 08:41:24.770  INFO --- [main] j.LocalContainerEntityManagerFactoryBean : Initialized JPA EntityManagerFactory for persistence unit 'default'
2026-08-21 08:41:25.010  INFO --- [main] o.s.d.j.r.query.QueryEnhancerFactory     : Hibernate is in classpath; If applicable, HQL parser will be used.
2026-08-21 08:41:25.759  WARN --- [main] JpaBaseConfiguration$JpaWebConfiguration : spring.jpa.open-in-view is enabled by default. Therefore, database queries may be performed during view rendering. Explicitly configure spring.jpa.open-in-view to disable this warning
2026-08-21 08:41:25.780  INFO --- [main] r$InitializeUserDetailsManagerConfigurer : Global AuthenticationManager configured with UserDetailsService bean with name userDetailsService
2026-08-21 08:41:26.270  INFO --- [main] o.s.b.w.embedded.tomcat.TomcatWebServer  : Tomcat started on port 8081 (http) with context path '/'
2026-08-21 08:41:26.279  INFO --- [main] com.portfolio.keyra.KeyraApplication     : Started KeyraApplication in 5.44 seconds (process running for 6.046)
2026-08-21 08:41:31.275  INFO --- [http-nio-8081-exec-1] o.a.c.c.C.[Tomcat].[localhost].[/]       : Initializing Spring DispatcherServlet 'dispatcherServlet'
2026-08-21 08:41:31.275  INFO --- [http-nio-8081-exec-1] o.s.web.servlet.DispatcherServlet        : Initializing Servlet 'dispatcherServlet'
2026-08-21 08:41:31.276  INFO --- [http-nio-8081-exec-1] o.s.web.servlet.DispatcherServlet        : Completed initialization in 1 ms
2026-08-21 08:41:34.258  INFO --- [http-nio-8081-exec-10] p.k.c.CustomAuthenticationSuccessHandler : Session ID: 8A3716D5EA8C28BB6379AA5ED9BA7E38
2026-08-21 08:41:34.258  INFO --- [http-nio-8081-exec-10] p.k.c.CustomAuthenticationSuccessHandler : Session max inactive interval: 1800 seconds
2026-08-21 08:41:57.110  INFO --- [http-nio-8081-exec-1] c.p.k.config.CustomLogoutSuccessHandler  : User logged out: admin-test
2026-08-21 08:42:51.207  INFO --- [http-nio-8081-exec-2] p.k.c.CustomAuthenticationSuccessHandler : Session ID: 3F17A8AC97099E1A3CBA4F074BF02B52
2026-08-21 08:42:51.208  INFO --- [http-nio-8081-exec-2] p.k.c.CustomAuthenticationSuccessHandler : Session max inactive interval: 1800 seconds
2026-08-21 08:42:53.384  WARN --- [http-nio-8081-exec-5] c.p.k.controller.CustomErrorController   : HTTP Error 403 occurred - URI: /activity, Message: User: base-test cannot view audit logs
2026-08-21 08:48:53.477  INFO --- [http-nio-8081-exec-9] c.p.k.config.CustomLogoutSuccessHandler  : User logged out: base-test
2026-08-21 08:49:42.105  INFO --- [http-nio-8081-exec-9] c.p.keyra.service.TwoFactorService       : 2FA verification successful for user: vale
2026-08-21 08:58:24.560  INFO --- [SpringApplicationShutdownHook] o.s.b.w.e.tomcat.GracefulShutdown        : Commencing graceful shutdown. Waiting for active requests to complete
2026-08-21 08:58:24.565  INFO --- [tomcat-shutdown] o.s.b.w.e.tomcat.GracefulShutdown        : Graceful shutdown complete
2026-08-21 08:58:24.569  INFO --- [SpringApplicationShutdownHook] j.LocalContainerEntityManagerFactoryBean : Closing JPA EntityManagerFactory for persistence unit 'default'
2026-08-21 08:58:24.571  INFO --- [SpringApplicationShutdownHook] com.zaxxer.hikari.HikariDataSource       : HikariPool-1 - Shutdown initiated...
2026-08-21 08:58:24.573  INFO --- [SpringApplicationShutdownHook] com.zaxxer.hikari.HikariDataSource       : HikariPool-1 - Shutdown completed.
2026-08-21 08:59:49.348  INFO --- [main] com.portfolio.keyra.KeyraApplication     : Starting KeyraApplication using Java 21.0.10 with PID 9096 (C:\Users\valem\IdeaProjects\password_manager\target\classes started by valem in C:\Users\valem\IdeaProjects\password_manager)
2026-08-21 08:59:49.350  INFO --- [main] com.portfolio.keyra.KeyraApplication     : No active profile set, falling back to 1 default profile: "default"
2026-08-21 08:59:49.993  INFO --- [main] .s.d.r.c.RepositoryConfigurationDelegate : Bootstrapping Spring Data JPA repositories in DEFAULT mode.
2026-08-21 08:59:50.052  INFO --- [main] .s.d.r.c.RepositoryConfigurationDelegate : Finished Spring Data repository scanning in 51 ms. Found 3 JPA repository interfaces.
2026-08-21 08:59:50.536  INFO --- [main] o.s.b.w.embedded.tomcat.TomcatWebServer  : Tomcat initialized with port 8081 (http)
2026-08-21 08:59:50.548  INFO --- [main] o.apache.catalina.core.StandardService   : Starting service [Tomcat]
2026-08-21 08:59:50.549  INFO --- [main] o.apache.catalina.core.StandardEngine    : Starting Servlet engine: [Apache Tomcat/10.1.33]
2026-08-21 08:59:50.609  INFO --- [main] o.a.c.c.C.[Tomcat].[localhost].[/]       : Initializing Spring embedded WebApplicationContext
2026-08-21 08:59:50.609  INFO --- [main] w.s.c.ServletWebServerApplicationContext : Root WebApplicationContext: initialization completed in 1215 ms
2026-08-21 08:59:50.708  INFO --- [main] com.zaxxer.hikari.HikariDataSource       : HikariPool-1 - Starting...
2026-08-21 08:59:50.872  INFO --- [main] com.zaxxer.hikari.pool.HikariPool        : HikariPool-1 - Added connection org.postgresql.jdbc.PgConnection@34a20f16
2026-08-21 08:59:50.873  INFO --- [main] com.zaxxer.hikari.HikariDataSource       : HikariPool-1 - Start completed.
2026-08-21 08:59:51.016  INFO --- [main] liquibase.database                       : Set default schema name to public
2026-08-21 08:59:51.437  INFO --- [main] liquibase.changelog                      : Reading from public.databasechangelog
2026-08-21 08:59:51.481  INFO --- [main] liquibase.ui                             : Database is up to date, no changesets to execute
2026-08-21 08:59:51.482  INFO --- [main] liquibase.changelog                      : Reading from public.databasechangelog
2026-08-21 08:59:51.490  INFO --- [main] liquibase.util                           : UPDATE SUMMARY
2026-08-21 08:59:51.490  INFO --- [main] liquibase.util                           : Run:                          0
2026-08-21 08:59:51.491  INFO --- [main] liquibase.util                           : Previously run:               3
2026-08-21 08:59:51.491  INFO --- [main] liquibase.util                           : Filtered out:                 0
2026-08-21 08:59:51.491  INFO --- [main] liquibase.util                           : -------------------------------
2026-08-21 08:59:51.491  INFO --- [main] liquibase.util                           : Total change sets:            3
2026-08-21 08:59:51.492  INFO --- [main] liquibase.util                           : Update summary generated
2026-08-21 08:59:51.493  INFO --- [main] liquibase.command                        : Command execution complete
2026-08-21 08:59:51.571  INFO --- [main] o.hibernate.jpa.internal.util.LogHelper  : HHH000204: Processing PersistenceUnitInfo [name: default]
2026-08-21 08:59:51.629  INFO --- [main] org.hibernate.Version                    : HHH000412: Hibernate ORM core version 6.6.2.Final
2026-08-21 08:59:51.664  INFO --- [main] o.h.c.internal.RegionFactoryInitiator    : HHH000026: Second-level cache disabled
2026-08-21 08:59:51.912  INFO --- [main] o.s.o.j.p.SpringPersistenceUnitInfo      : No LoadTimeWeaver setup: ignoring JPA class transformer
2026-08-21 08:59:51.958  WARN --- [main] org.hibernate.orm.deprecation            : HHH90000025: PostgreSQLDialect does not need to be specified explicitly using 'hibernate.dialect' (remove the property setting and it will be selected by default)
2026-08-21 08:59:51.971  INFO --- [main] org.hibernate.orm.connections.pooling    : HHH10001005: Database info:
	Database JDBC URL [Connecting through datasource 'HikariDataSource (HikariPool-1)']
	Database driver: undefined/unknown
	Database version: 18.3
	Autocommit mode: undefined/unknown
	Isolation level: undefined/unknown
	Minimum pool size: undefined/unknown
	Maximum pool size: undefined/unknown
2026-08-21 08:59:52.941  INFO --- [main] o.h.e.t.j.p.i.JtaPlatformInitiator       : HHH000489: No JTA platform available (set 'hibernate.transaction.jta.platform' to enable JTA platform integration)
2026-08-21 08:59:52.974  INFO --- [main] j.LocalContainerEntityManagerFactoryBean : Initialized JPA EntityManagerFactory for persistence unit 'default'
2026-08-21 08:59:53.210  INFO --- [main] o.s.d.j.r.query.QueryEnhancerFactory     : Hibernate is in classpath; If applicable, HQL parser will be used.
2026-08-21 08:59:53.999  WARN --- [main] JpaBaseConfiguration$JpaWebConfiguration : spring.jpa.open-in-view is enabled by default. Therefore, database queries may be performed during view rendering. Explicitly configure spring.jpa.open-in-view to disable this warning
2026-08-21 08:59:54.022  INFO --- [main] r$InitializeUserDetailsManagerConfigurer : Global AuthenticationManager configured with UserDetailsService bean with name userDetailsService
2026-08-21 08:59:54.517  INFO --- [main] o.s.b.w.embedded.tomcat.TomcatWebServer  : Tomcat started on port 8081 (http) with context path '/'
2026-08-21 08:59:54.527  INFO --- [main] com.portfolio.keyra.KeyraApplication     : Started KeyraApplication in 5.595 seconds (process running for 6.216)
2026-08-21 09:00:00.006  INFO --- [scheduling-1] c.portfolio.keyra.config.ScheduledTasks  : Starting scheduled rate limit cache cleanup
2026-08-21 09:00:00.006  INFO --- [scheduling-1] c.p.keyra.service.RateLimitService       : Clearing rate limit cache - 0 entries
2026-08-21 09:00:00.007  INFO --- [scheduling-1] c.portfolio.keyra.config.ScheduledTasks  : Rate limit cache cleared - removed 0 entries
2026-08-21 09:00:00.584  INFO --- [http-nio-8081-exec-1] o.a.c.c.C.[Tomcat].[localhost].[/]       : Initializing Spring DispatcherServlet 'dispatcherServlet'
2026-08-21 09:00:00.584  INFO --- [http-nio-8081-exec-1] o.s.web.servlet.DispatcherServlet        : Initializing Servlet 'dispatcherServlet'
2026-08-21 09:00:00.584  INFO --- [http-nio-8081-exec-1] o.s.web.servlet.DispatcherServlet        : Completed initialization in 0 ms
2026-08-21 09:00:00.634  WARN --- [http-nio-8081-exec-1] c.p.k.controller.CustomErrorController   : HTTP Error 403 occurred - URI: /api/session/check, Message: Forbidden
2026-08-21 09:00:02.880  WARN --- [http-nio-8081-exec-2] c.p.k.controller.CustomErrorController   : HTTP Error 403 occurred - URI: /logout, Message: Forbidden
2026-08-21 09:00:05.132  WARN --- [http-nio-8081-exec-2] c.p.k.controller.CustomErrorController   : HTTP Error 403 occurred - URI: /logout, Message: Forbidden
2026-08-21 09:00:22.506  WARN --- [http-nio-8081-exec-9] c.p.keyra.service.TwoFactorService       : 2FA verification failed - invalid code for user: vale
2026-08-21 09:00:26.053  INFO --- [http-nio-8081-exec-7] c.p.keyra.service.TwoFactorService       : 2FA verification successful for user: vale
2026-08-21 09:00:47.932  INFO --- [http-nio-8081-exec-8] c.p.keyra.service.CredentialService      : Creating credential for user: vale, service: VaultShield
2026-08-21 09:00:47.934  INFO --- [http-nio-8081-exec-8] c.p.keyra.service.CredentialService      : Credential created successfully - ID: null, user: vale, service: VaultShield
2026-08-21 09:01:02.772  INFO --- [http-nio-8081-exec-3] c.p.keyra.service.CredentialService      : Exporting vault for user: vale
2026-08-21 09:01:02.789  INFO --- [http-nio-8081-exec-3] c.p.keyra.controller.VaultController     : Vault exported successfully - 2 credentials
2026-08-21 09:01:06.380  INFO --- [http-nio-8081-exec-9] c.p.keyra.service.CredentialService      : Exporting vault for user: vale
2026-08-21 09:01:06.387  INFO --- [http-nio-8081-exec-9] c.p.keyra.controller.VaultController     : Vault exported successfully - 2 credentials
2026-08-21 09:01:19.056  INFO --- [http-nio-8081-exec-6] c.p.keyra.service.CredentialService      : Importing vault for user: vale - replace: false
2026-08-21 09:01:19.080  INFO --- [http-nio-8081-exec-6] c.p.keyra.controller.VaultController     : Vault imported - imported: 0, skipped: 2
2026-08-21 09:01:26.517  INFO --- [http-nio-8081-exec-3] c.p.keyra.service.CredentialService      : Importing vault for user: vale - replace: true
2026-08-21 09:01:26.523  INFO --- [http-nio-8081-exec-3] c.p.keyra.service.CredentialService      : Deleting credential ID: 6 for user: vale
2026-08-21 09:01:26.526  INFO --- [http-nio-8081-exec-3] c.p.keyra.service.CredentialService      : Credential soft deleted successfully - ID: 6, user: vale
2026-08-21 09:01:26.526  INFO --- [http-nio-8081-exec-3] c.p.keyra.service.CredentialService      : Deleting credential ID: 5 for user: vale
2026-08-21 09:01:26.526  INFO --- [http-nio-8081-exec-3] c.p.keyra.service.CredentialService      : Credential soft deleted successfully - ID: 5, user: vale
2026-08-21 09:01:26.526  INFO --- [http-nio-8081-exec-3] c.p.keyra.service.CredentialService      : Deleted 2 existing credentials
2026-08-21 09:01:26.536  INFO --- [http-nio-8081-exec-3] c.p.keyra.service.CredentialService      : Creating credential for user: vale, service: VaultShield
2026-08-21 09:01:26.536  INFO --- [http-nio-8081-exec-3] c.p.keyra.service.CredentialService      : Credential created successfully - ID: null, user: vale, service: VaultShield
2026-08-21 09:01:26.539  INFO --- [http-nio-8081-exec-3] c.p.keyra.service.CredentialService      : Creating credential for user: vale, service: sca
2026-08-21 09:01:26.540  INFO --- [http-nio-8081-exec-3] c.p.keyra.service.CredentialService      : Credential created successfully - ID: null, user: vale, service: sca
2026-08-21 09:01:26.544  INFO --- [http-nio-8081-exec-3] c.p.keyra.controller.VaultController     : Vault imported - imported: 2, skipped: 0
2026-08-21 09:01:34.378  INFO --- [http-nio-8081-exec-4] c.p.keyra.service.CredentialService      : Updating credential ID: 7 for user: vale
2026-08-21 09:01:34.380  INFO --- [http-nio-8081-exec-4] c.p.keyra.service.CredentialService      : Credential updated successfully - ID: 7, user: vale
2026-08-21 09:01:54.720  INFO --- [http-nio-8081-exec-2] c.p.keyra.service.CredentialService      : Deleting credential ID: 8 for user: vale
2026-08-21 09:01:54.722  INFO --- [http-nio-8081-exec-2] c.p.keyra.service.CredentialService      : Credential soft deleted successfully - ID: 8, user: vale
2026-08-21 09:01:59.406  WARN --- [http-nio-8081-exec-6] c.p.k.controller.CustomErrorController   : HTTP Error 403 occurred - URI: /activity, Message: User: vale cannot view audit logs
2026-08-21 09:02:04.105  WARN --- [http-nio-8081-exec-3] c.p.k.controller.CustomErrorController   : HTTP Error 403 occurred - URI: /activity, Message: User: vale cannot view audit logs
2026-08-21 09:02:06.104  WARN --- [http-nio-8081-exec-9] c.p.k.controller.CustomErrorController   : HTTP Error 404 occurred - URI: /login/2fa, Message: No static resource login/2fa.
2026-08-21 09:02:31.876  WARN --- [http-nio-8081-exec-8] c.p.k.controller.CustomErrorController   : HTTP Error 404 occurred - URI: /login/2fa, Message: No static resource login/2fa.
2026-08-21 09:03:05.719  INFO --- [http-nio-8081-exec-10] c.p.k.config.CustomLogoutSuccessHandler  : User logged out: vale
2026-08-21 09:05:39.784  INFO --- [http-nio-8081-exec-9] c.p.keyra.service.TwoFactorService       : 2FA verification successful for user: vale
2026-08-21 09:05:52.960  WARN --- [http-nio-8081-exec-8] c.p.k.controller.CustomErrorController   : HTTP Error 404 occurred - URI: /login/2fa, Message: No static resource login/2fa.
2026-08-21 09:06:01.658  WARN --- [http-nio-8081-exec-8] c.p.k.controller.CustomErrorController   : HTTP Error 404 occurred - URI: /login/2fa/verify, Message: No static resource login/2fa/verify.
2026-08-21 09:08:51.842  INFO --- [SpringApplicationShutdownHook] o.s.b.w.e.tomcat.GracefulShutdown        : Commencing graceful shutdown. Waiting for active requests to complete
2026-08-21 09:08:51.849  INFO --- [tomcat-shutdown] o.s.b.w.e.tomcat.GracefulShutdown        : Graceful shutdown complete
2026-08-21 09:08:51.857  INFO --- [SpringApplicationShutdownHook] j.LocalContainerEntityManagerFactoryBean : Closing JPA EntityManagerFactory for persistence unit 'default'
2026-08-21 09:08:51.859  INFO --- [SpringApplicationShutdownHook] com.zaxxer.hikari.HikariDataSource       : HikariPool-1 - Shutdown initiated...
2026-08-21 09:08:51.863  INFO --- [SpringApplicationShutdownHook] com.zaxxer.hikari.HikariDataSource       : HikariPool-1 - Shutdown completed.
2026-08-21 09:08:57.005  INFO --- [main] com.portfolio.keyra.KeyraApplication     : Starting KeyraApplication using Java 21.0.10 with PID 27032 (C:\Users\valem\IdeaProjects\password_manager\target\classes started by valem in C:\Users\valem\IdeaProjects\password_manager)
2026-08-21 09:08:57.007  INFO --- [main] com.portfolio.keyra.KeyraApplication     : No active profile set, falling back to 1 default profile: "default"
2026-08-21 09:08:57.643  INFO --- [main] .s.d.r.c.RepositoryConfigurationDelegate : Bootstrapping Spring Data JPA repositories in DEFAULT mode.
2026-08-21 09:08:57.702  INFO --- [main] .s.d.r.c.RepositoryConfigurationDelegate : Finished Spring Data repository scanning in 51 ms. Found 3 JPA repository interfaces.
2026-08-21 09:08:58.210  INFO --- [main] o.s.b.w.embedded.tomcat.TomcatWebServer  : Tomcat initialized with port 8081 (http)
2026-08-21 09:08:58.225  INFO --- [main] o.apache.catalina.core.StandardService   : Starting service [Tomcat]
2026-08-21 09:08:58.226  INFO --- [main] o.apache.catalina.core.StandardEngine    : Starting Servlet engine: [Apache Tomcat/10.1.33]
2026-08-21 09:08:58.291  INFO --- [main] o.a.c.c.C.[Tomcat].[localhost].[/]       : Initializing Spring embedded WebApplicationContext
2026-08-21 09:08:58.291  INFO --- [main] w.s.c.ServletWebServerApplicationContext : Root WebApplicationContext: initialization completed in 1243 ms
2026-08-21 09:08:58.405  INFO --- [main] com.zaxxer.hikari.HikariDataSource       : HikariPool-1 - Starting...
2026-08-21 09:08:58.580  INFO --- [main] com.zaxxer.hikari.pool.HikariPool        : HikariPool-1 - Added connection org.postgresql.jdbc.PgConnection@62cbc478
2026-08-21 09:08:58.581  INFO --- [main] com.zaxxer.hikari.HikariDataSource       : HikariPool-1 - Start completed.
2026-08-21 09:08:58.756  INFO --- [main] liquibase.database                       : Set default schema name to public
2026-08-21 09:08:59.188  INFO --- [main] liquibase.changelog                      : Reading from public.databasechangelog
2026-08-21 09:08:59.234  INFO --- [main] liquibase.ui                             : Database is up to date, no changesets to execute
2026-08-21 09:08:59.235  INFO --- [main] liquibase.changelog                      : Reading from public.databasechangelog
2026-08-21 09:08:59.242  INFO --- [main] liquibase.util                           : UPDATE SUMMARY
2026-08-21 09:08:59.243  INFO --- [main] liquibase.util                           : Run:                          0
2026-08-21 09:08:59.243  INFO --- [main] liquibase.util                           : Previously run:               3
2026-08-21 09:08:59.243  INFO --- [main] liquibase.util                           : Filtered out:                 0
2026-08-21 09:08:59.243  INFO --- [main] liquibase.util                           : -------------------------------
2026-08-21 09:08:59.243  INFO --- [main] liquibase.util                           : Total change sets:            3
2026-08-21 09:08:59.244  INFO --- [main] liquibase.util                           : Update summary generated
2026-08-21 09:08:59.244  INFO --- [main] liquibase.command                        : Command execution complete
2026-08-21 09:08:59.320  INFO --- [main] o.hibernate.jpa.internal.util.LogHelper  : HHH000204: Processing PersistenceUnitInfo [name: default]
2026-08-21 09:08:59.371  INFO --- [main] org.hibernate.Version                    : HHH000412: Hibernate ORM core version 6.6.2.Final
2026-08-21 09:08:59.406  INFO --- [main] o.h.c.internal.RegionFactoryInitiator    : HHH000026: Second-level cache disabled
2026-08-21 09:08:59.656  INFO --- [main] o.s.o.j.p.SpringPersistenceUnitInfo      : No LoadTimeWeaver setup: ignoring JPA class transformer
2026-08-21 09:08:59.700  WARN --- [main] org.hibernate.orm.deprecation            : HHH90000025: PostgreSQLDialect does not need to be specified explicitly using 'hibernate.dialect' (remove the property setting and it will be selected by default)
2026-08-21 09:08:59.715  INFO --- [main] org.hibernate.orm.connections.pooling    : HHH10001005: Database info:
	Database JDBC URL [Connecting through datasource 'HikariDataSource (HikariPool-1)']
	Database driver: undefined/unknown
	Database version: 18.3
	Autocommit mode: undefined/unknown
	Isolation level: undefined/unknown
	Minimum pool size: undefined/unknown
	Maximum pool size: undefined/unknown
2026-08-21 09:09:00.604  INFO --- [main] o.h.e.t.j.p.i.JtaPlatformInitiator       : HHH000489: No JTA platform available (set 'hibernate.transaction.jta.platform' to enable JTA platform integration)
2026-08-21 09:09:00.636  INFO --- [main] j.LocalContainerEntityManagerFactoryBean : Initialized JPA EntityManagerFactory for persistence unit 'default'
2026-08-21 09:09:00.880  INFO --- [main] o.s.d.j.r.query.QueryEnhancerFactory     : Hibernate is in classpath; If applicable, HQL parser will be used.
2026-08-21 09:09:01.672  WARN --- [main] JpaBaseConfiguration$JpaWebConfiguration : spring.jpa.open-in-view is enabled by default. Therefore, database queries may be performed during view rendering. Explicitly configure spring.jpa.open-in-view to disable this warning
2026-08-21 09:09:01.691  INFO --- [main] r$InitializeUserDetailsManagerConfigurer : Global AuthenticationManager configured with UserDetailsService bean with name userDetailsService
2026-08-21 09:09:02.187  INFO --- [main] o.s.b.w.embedded.tomcat.TomcatWebServer  : Tomcat started on port 8081 (http) with context path '/'
2026-08-21 09:09:02.197  INFO --- [main] com.portfolio.keyra.KeyraApplication     : Started KeyraApplication in 5.596 seconds (process running for 6.23)
2026-08-21 09:09:09.172  INFO --- [http-nio-8081-exec-2] o.a.c.c.C.[Tomcat].[localhost].[/]       : Initializing Spring DispatcherServlet 'dispatcherServlet'
2026-08-21 09:09:09.172  INFO --- [http-nio-8081-exec-2] o.s.web.servlet.DispatcherServlet        : Initializing Servlet 'dispatcherServlet'
2026-08-21 09:09:09.173  INFO --- [http-nio-8081-exec-2] o.s.web.servlet.DispatcherServlet        : Completed initialization in 0 ms
2026-08-21 09:09:24.307  INFO --- [http-nio-8081-exec-8] c.p.keyra.service.TwoFactorService       : 2FA verification successful for user: vale
2026-08-21 09:09:35.670 ERROR --- [http-nio-8081-exec-10] o.a.c.c.C.[.[.[/].[dispatcherServlet]    : Servlet.service() for servlet [dispatcherServlet] in context with path [] threw exception [Request processing failed: java.lang.RuntimeException: Two-Factor already enabled for user: vale] with root cause

java.lang.RuntimeException: Two-Factor already enabled for user: vale
	at com.portfolio.keyra.controller.TwoFactorController.setup2FA(TwoFactorController.java:61) ~[classes/:na]
	at java.base/jdk.internal.reflect.DirectMethodHandleAccessor.invoke(DirectMethodHandleAccessor.java:103) ~[na:na]
	at java.base/java.lang.reflect.Method.invoke(Method.java:580) ~[na:na]
	at org.springframework.web.method.support.InvocableHandlerMethod.doInvoke(InvocableHandlerMethod.java:255) ~[spring-web-6.2.0.jar:6.2.0]
	at org.springframework.web.method.support.InvocableHandlerMethod.invokeForRequest(InvocableHandlerMethod.java:188) ~[spring-web-6.2.0.jar:6.2.0]
	at org.springframework.web.servlet.mvc.method.annotation.ServletInvocableHandlerMethod.invokeAndHandle(ServletInvocableHandlerMethod.java:118) ~[spring-webmvc-6.2.0.jar:6.2.0]
	at org.springframework.web.servlet.mvc.method.annotation.RequestMappingHandlerAdapter.invokeHandlerMethod(RequestMappingHandlerAdapter.java:986) ~[spring-webmvc-6.2.0.jar:6.2.0]
	at org.springframework.web.servlet.mvc.method.annotation.RequestMappingHandlerAdapter.handleInternal(RequestMappingHandlerAdapter.java:891) ~[spring-webmvc-6.2.0.jar:6.2.0]
	at org.springframework.web.servlet.mvc.method.AbstractHandlerMethodAdapter.handle(AbstractHandlerMethodAdapter.java:87) ~[spring-webmvc-6.2.0.jar:6.2.0]
	at org.springframework.web.servlet.DispatcherServlet.doDispatch(DispatcherServlet.java:1088) ~[spring-webmvc-6.2.0.jar:6.2.0]
	at org.springframework.web.servlet.DispatcherServlet.doService(DispatcherServlet.java:978) ~[spring-webmvc-6.2.0.jar:6.2.0]
	at org.springframework.web.servlet.FrameworkServlet.processRequest(FrameworkServlet.java:1014) ~[spring-webmvc-6.2.0.jar:6.2.0]
	at org.springframework.web.servlet.FrameworkServlet.doGet(FrameworkServlet.java:903) ~[spring-webmvc-6.2.0.jar:6.2.0]
	at jakarta.servlet.http.HttpServlet.service(HttpServlet.java:564) ~[tomcat-embed-core-10.1.33.jar:6.0]
	at org.springframework.web.servlet.FrameworkServlet.service(FrameworkServlet.java:885) ~[spring-webmvc-6.2.0.jar:6.2.0]
	at jakarta.servlet.http.HttpServlet.service(HttpServlet.java:658) ~[tomcat-embed-core-10.1.33.jar:6.0]
	at org.apache.catalina.core.ApplicationFilterChain.internalDoFilter(ApplicationFilterChain.java:195) ~[tomcat-embed-core-10.1.33.jar:10.1.33]
	at org.apache.catalina.core.ApplicationFilterChain.doFilter(ApplicationFilterChain.java:140) ~[tomcat-embed-core-10.1.33.jar:10.1.33]
	at org.apache.tomcat.websocket.server.WsFilter.doFilter(WsFilter.java:51) ~[tomcat-embed-websocket-10.1.33.jar:10.1.33]
	at org.apache.catalina.core.ApplicationFilterChain.internalDoFilter(ApplicationFilterChain.java:164) ~[tomcat-embed-core-10.1.33.jar:10.1.33]
	at org.apache.catalina.core.ApplicationFilterChain.doFilter(ApplicationFilterChain.java:140) ~[tomcat-embed-core-10.1.33.jar:10.1.33]
	at org.springframework.web.filter.OncePerRequestFilter.doFilter(OncePerRequestFilter.java:110) ~[spring-web-6.2.0.jar:6.2.0]
	at org.apache.catalina.core.ApplicationFilterChain.internalDoFilter(ApplicationFilterChain.java:164) ~[tomcat-embed-core-10.1.33.jar:10.1.33]
	at org.apache.catalina.core.ApplicationFilterChain.doFilter(ApplicationFilterChain.java:140) ~[tomcat-embed-core-10.1.33.jar:10.1.33]
	at org.springframework.web.filter.CompositeFilter$VirtualFilterChain.doFilter(CompositeFilter.java:108) ~[spring-web-6.2.0.jar:6.2.0]
	at org.springframework.security.web.FilterChainProxy.lambda$doFilterInternal$3(FilterChainProxy.java:231) ~[spring-security-web-6.4.1.jar:6.4.1]
	at org.springframework.security.web.FilterChainProxy$VirtualFilterChain.doFilter(FilterChainProxy.java:365) ~[spring-security-web-6.4.1.jar:6.4.1]
	at com.portfolio.keyra.config.VaultUnlockFilter.doFilterInternal(VaultUnlockFilter.java:41) ~[classes/:na]
	at org.springframework.web.filter.OncePerRequestFilter.doFilter(OncePerRequestFilter.java:116) ~[spring-web-6.2.0.jar:6.2.0]
	at org.springframework.security.web.FilterChainProxy$VirtualFilterChain.doFilter(FilterChainProxy.java:374) ~[spring-security-web-6.4.1.jar:6.4.1]
	at org.springframework.security.web.access.intercept.AuthorizationFilter.doFilter(AuthorizationFilter.java:101) ~[spring-security-web-6.4.1.jar:6.4.1]
	at org.springframework.security.web.FilterChainProxy$VirtualFilterChain.doFilter(FilterChainProxy.java:374) ~[spring-security-web-6.4.1.jar:6.4.1]
	at org.springframework.security.web.access.ExceptionTranslationFilter.doFilter(ExceptionTranslationFilter.java:126) ~[spring-security-web-6.4.1.jar:6.4.1]
	at org.springframework.security.web.access.ExceptionTranslationFilter.doFilter(ExceptionTranslationFilter.java:120) ~[spring-security-web-6.4.1.jar:6.4.1]
	at org.springframework.security.web.FilterChainProxy$VirtualFilterChain.doFilter(FilterChainProxy.java:374) ~[spring-security-web-6.4.1.jar:6.4.1]
	at org.springframework.security.web.session.SessionManagementFilter.doFilter(SessionManagementFilter.java:131) ~[spring-security-web-6.4.1.jar:6.4.1]
	at org.springframework.security.web.session.SessionManagementFilter.doFilter(SessionManagementFilter.java:85) ~[spring-security-web-6.4.1.jar:6.4.1]
	at org.springframework.security.web.FilterChainProxy$VirtualFilterChain.doFilter(FilterChainProxy.java:374) ~[spring-security-web-6.4.1.jar:6.4.1]
	at org.springframework.security.web.authentication.AnonymousAuthenticationFilter.doFilter(AnonymousAuthenticationFilter.java:100) ~[spring-security-web-6.4.1.jar:6.4.1]
	at org.springframework.security.web.FilterChainProxy$VirtualFilterChain.doFilter(FilterChainProxy.java:374) ~[spring-security-web-6.4.1.jar:6.4.1]
	at org.springframework.security.web.servletapi.SecurityContextHolderAwareRequestFilter.doFilter(SecurityContextHolderAwareRequestFilter.java:179) ~[spring-security-web-6.4.1.jar:6.4.1]
	at org.springframework.security.web.FilterChainProxy$VirtualFilterChain.doFilter(FilterChainProxy.java:374) ~[spring-security-web-6.4.1.jar:6.4.1]
	at org.springframework.security.web.savedrequest.RequestCacheAwareFilter.doFilter(RequestCacheAwareFilter.java:63) ~[spring-security-web-6.4.1.jar:6.4.1]
	at org.springframework.security.web.FilterChainProxy$VirtualFilterChain.doFilter(FilterChainProxy.java:374) ~[spring-security-web-6.4.1.jar:6.4.1]
	at org.springframework.security.web.session.ConcurrentSessionFilter.doFilter(ConcurrentSessionFilter.java:151) ~[spring-security-web-6.4.1.jar:6.4.1]
	at org.springframework.security.web.session.ConcurrentSessionFilter.doFilter(ConcurrentSessionFilter.java:129) ~[spring-security-web-6.4.1.jar:6.4.1]
	at org.springframework.security.web.FilterChainProxy$VirtualFilterChain.doFilter(FilterChainProxy.java:374) ~[spring-security-web-6.4.1.jar:6.4.1]
	at org.springframework.security.web.authentication.AbstractAuthenticationProcessingFilter.doFilter(AbstractAuthenticationProcessingFilter.java:227) ~[spring-security-web-6.4.1.jar:6.4.1]
	at org.springframework.security.web.authentication.AbstractAuthenticationProcessingFilter.doFilter(AbstractAuthenticationProcessingFilter.java:221) ~[spring-security-web-6.4.1.jar:6.4.1]
	at org.springframework.security.web.FilterChainProxy$VirtualFilterChain.doFilter(FilterChainProxy.java:374) ~[spring-security-web-6.4.1.jar:6.4.1]
	at com.portfolio.keyra.config.RateLimitingFilter.doFilterInternal(RateLimitingFilter.java:65) ~[classes/:na]
	at org.springframework.web.filter.OncePerRequestFilter.doFilter(OncePerRequestFilter.java:116) ~[spring-web-6.2.0.jar:6.2.0]
	at org.springframework.security.web.FilterChainProxy$VirtualFilterChain.doFilter(FilterChainProxy.java:374) ~[spring-security-web-6.4.1.jar:6.4.1]
	at org.springframework.security.web.authentication.AbstractAuthenticationProcessingFilter.doFilter(AbstractAuthenticationProcessingFilter.java:227) ~[spring-security-web-6.4.1.jar:6.4.1]
	at org.springframework.security.web.authentication.AbstractAuthenticationProcessingFilter.doFilter(AbstractAuthenticationProcessingFilter.java:221) ~[spring-security-web-6.4.1.jar:6.4.1]
	at org.springframework.security.web.FilterChainProxy$VirtualFilterChain.doFilter(FilterChainProxy.java:374) ~[spring-security-web-6.4.1.jar:6.4.1]
	at org.springframework.security.oauth2.client.web.OAuth2AuthorizationRequestRedirectFilter.doFilterInternal(OAuth2AuthorizationRequestRedirectFilter.java:198) ~[spring-security-oauth2-client-6.4.1.jar:6.4.1]
	at org.springframework.web.filter.OncePerRequestFilter.doFilter(OncePerRequestFilter.java:116) ~[spring-web-6.2.0.jar:6.2.0]
	at org.springframework.security.web.FilterChainProxy$VirtualFilterChain.doFilter(FilterChainProxy.java:374) ~[spring-security-web-6.4.1.jar:6.4.1]
	at org.springframework.security.web.authentication.logout.LogoutFilter.doFilter(LogoutFilter.java:107) ~[spring-security-web-6.4.1.jar:6.4.1]
	at org.springframework.security.web.authentication.logout.LogoutFilter.doFilter(LogoutFilter.java:93) ~[spring-security-web-6.4.1.jar:6.4.1]
	at org.springframework.security.web.FilterChainProxy$VirtualFilterChain.doFilter(FilterChainProxy.java:374) ~[spring-security-web-6.4.1.jar:6.4.1]
	at org.springframework.security.web.csrf.CsrfFilter.doFilterInternal(CsrfFilter.java:117) ~[spring-security-web-6.4.1.jar:6.4.1]
	at org.springframework.web.filter.OncePerRequestFilter.doFilter(OncePerRequestFilter.java:116) ~[spring-web-6.2.0.jar:6.2.0]
	at org.springframework.security.web.FilterChainProxy$VirtualFilterChain.doFilter(FilterChainProxy.java:374) ~[spring-security-web-6.4.1.jar:6.4.1]
	at org.springframework.security.web.header.HeaderWriterFilter.doHeadersAfter(HeaderWriterFilter.java:90) ~[spring-security-web-6.4.1.jar:6.4.1]
	at org.springframework.security.web.header.HeaderWriterFilter.doFilterInternal(HeaderWriterFilter.java:75) ~[spring-security-web-6.4.1.jar:6.4.1]
	at org.springframework.web.filter.OncePerRequestFilter.doFilter(OncePerRequestFilter.java:116) ~[spring-web-6.2.0.jar:6.2.0]
	at org.springframework.security.web.FilterChainProxy$VirtualFilterChain.doFilter(FilterChainProxy.java:374) ~[spring-security-web-6.4.1.jar:6.4.1]
	at org.springframework.security.web.context.SecurityContextHolderFilter.doFilter(SecurityContextHolderFilter.java:82) ~[spring-security-web-6.4.1.jar:6.4.1]
	at org.springframework.security.web.context.SecurityContextHolderFilter.doFilter(SecurityContextHolderFilter.java:69) ~[spring-security-web-6.4.1.jar:6.4.1]
	at org.springframework.security.web.FilterChainProxy$VirtualFilterChain.doFilter(FilterChainProxy.java:374) ~[spring-security-web-6.4.1.jar:6.4.1]
	at org.springframework.security.web.context.request.async.WebAsyncManagerIntegrationFilter.doFilterInternal(WebAsyncManagerIntegrationFilter.java:62) ~[spring-security-web-6.4.1.jar:6.4.1]
	at org.springframework.web.filter.OncePerRequestFilter.doFilter(OncePerRequestFilter.java:116) ~[spring-web-6.2.0.jar:6.2.0]
	at org.springframework.security.web.FilterChainProxy$VirtualFilterChain.doFilter(FilterChainProxy.java:374) ~[spring-security-web-6.4.1.jar:6.4.1]
	at org.springframework.security.web.session.DisableEncodeUrlFilter.doFilterInternal(DisableEncodeUrlFilter.java:42) ~[spring-security-web-6.4.1.jar:6.4.1]
	at org.springframework.web.filter.OncePerRequestFilter.doFilter(OncePerRequestFilter.java:116) ~[spring-web-6.2.0.jar:6.2.0]
	at org.springframework.security.web.FilterChainProxy$VirtualFilterChain.doFilter(FilterChainProxy.java:374) ~[spring-security-web-6.4.1.jar:6.4.1]
	at org.springframework.security.web.FilterChainProxy.doFilterInternal(FilterChainProxy.java:233) ~[spring-security-web-6.4.1.jar:6.4.1]
	at org.springframework.security.web.FilterChainProxy.doFilter(FilterChainProxy.java:191) ~[spring-security-web-6.4.1.jar:6.4.1]
	at org.springframework.web.filter.CompositeFilter$VirtualFilterChain.doFilter(CompositeFilter.java:113) ~[spring-web-6.2.0.jar:6.2.0]
	at org.springframework.web.servlet.handler.HandlerMappingIntrospector.lambda$createCacheFilter$3(HandlerMappingIntrospector.java:243) ~[spring-webmvc-6.2.0.jar:6.2.0]
	at org.springframework.web.filter.CompositeFilter$VirtualFilterChain.doFilter(CompositeFilter.java:113) ~[spring-web-6.2.0.jar:6.2.0]
	at org.springframework.web.filter.CompositeFilter.doFilter(CompositeFilter.java:74) ~[spring-web-6.2.0.jar:6.2.0]
	at org.springframework.security.config.annotation.web.configuration.WebMvcSecurityConfiguration$CompositeFilterChainProxy.doFilter(WebMvcSecurityConfiguration.java:238) ~[spring-security-config-6.4.1.jar:6.4.1]
	at org.springframework.web.filter.DelegatingFilterProxy.invokeDelegate(DelegatingFilterProxy.java:362) ~[spring-web-6.2.0.jar:6.2.0]
	at org.springframework.web.filter.DelegatingFilterProxy.doFilter(DelegatingFilterProxy.java:278) ~[spring-web-6.2.0.jar:6.2.0]
	at org.apache.catalina.core.ApplicationFilterChain.internalDoFilter(ApplicationFilterChain.java:164) ~[tomcat-embed-core-10.1.33.jar:10.1.33]
	at org.apache.catalina.core.ApplicationFilterChain.doFilter(ApplicationFilterChain.java:140) ~[tomcat-embed-core-10.1.33.jar:10.1.33]
	at org.springframework.web.filter.RequestContextFilter.doFilterInternal(RequestContextFilter.java:100) ~[spring-web-6.2.0.jar:6.2.0]
	at org.springframework.web.filter.OncePerRequestFilter.doFilter(OncePerRequestFilter.java:116) ~[spring-web-6.2.0.jar:6.2.0]
	at org.apache.catalina.core.ApplicationFilterChain.internalDoFilter(ApplicationFilterChain.java:164) ~[tomcat-embed-core-10.1.33.jar:10.1.33]
	at org.apache.catalina.core.ApplicationFilterChain.doFilter(ApplicationFilterChain.java:140) ~[tomcat-embed-core-10.1.33.jar:10.1.33]
	at org.springframework.web.filter.FormContentFilter.doFilterInternal(FormContentFilter.java:93) ~[spring-web-6.2.0.jar:6.2.0]
	at org.springframework.web.filter.OncePerRequestFilter.doFilter(OncePerRequestFilter.java:116) ~[spring-web-6.2.0.jar:6.2.0]
	at org.apache.catalina.core.ApplicationFilterChain.internalDoFilter(ApplicationFilterChain.java:164) ~[tomcat-embed-core-10.1.33.jar:10.1.33]
	at org.apache.catalina.core.ApplicationFilterChain.doFilter(ApplicationFilterChain.java:140) ~[tomcat-embed-core-10.1.33.jar:10.1.33]
	at org.springframework.web.filter.CharacterEncodingFilter.doFilterInternal(CharacterEncodingFilter.java:201) ~[spring-web-6.2.0.jar:6.2.0]
	at org.springframework.web.filter.OncePerRequestFilter.doFilter(OncePerRequestFilter.java:116) ~[spring-web-6.2.0.jar:6.2.0]
	at org.apache.catalina.core.ApplicationFilterChain.internalDoFilter(ApplicationFilterChain.java:164) ~[tomcat-embed-core-10.1.33.jar:10.1.33]
	at org.apache.catalina.core.ApplicationFilterChain.doFilter(ApplicationFilterChain.java:140) ~[tomcat-embed-core-10.1.33.jar:10.1.33]
	at org.apache.catalina.core.StandardWrapperValve.invoke(StandardWrapperValve.java:167) ~[tomcat-embed-core-10.1.33.jar:10.1.33]
	at org.apache.catalina.core.StandardContextValve.invoke(StandardContextValve.java:90) ~[tomcat-embed-core-10.1.33.jar:10.1.33]
	at org.apache.catalina.authenticator.AuthenticatorBase.invoke(AuthenticatorBase.java:483) ~[tomcat-embed-core-10.1.33.jar:10.1.33]
	at org.apache.catalina.core.StandardHostValve.invoke(StandardHostValve.java:115) ~[tomcat-embed-core-10.1.33.jar:10.1.33]
	at org.apache.catalina.valves.ErrorReportValve.invoke(ErrorReportValve.java:93) ~[tomcat-embed-core-10.1.33.jar:10.1.33]
	at org.apache.catalina.core.StandardEngineValve.invoke(StandardEngineValve.java:74) ~[tomcat-embed-core-10.1.33.jar:10.1.33]
	at org.apache.catalina.connector.CoyoteAdapter.service(CoyoteAdapter.java:344) ~[tomcat-embed-core-10.1.33.jar:10.1.33]
	at org.apache.coyote.http11.Http11Processor.service(Http11Processor.java:397) ~[tomcat-embed-core-10.1.33.jar:10.1.33]
	at org.apache.coyote.AbstractProcessorLight.process(AbstractProcessorLight.java:63) ~[tomcat-embed-core-10.1.33.jar:10.1.33]
	at org.apache.coyote.AbstractProtocol$ConnectionHandler.process(AbstractProtocol.java:905) ~[tomcat-embed-core-10.1.33.jar:10.1.33]
	at org.apache.tomcat.util.net.NioEndpoint$SocketProcessor.doRun(NioEndpoint.java:1741) ~[tomcat-embed-core-10.1.33.jar:10.1.33]
	at org.apache.tomcat.util.net.SocketProcessorBase.run(SocketProcessorBase.java:52) ~[tomcat-embed-core-10.1.33.jar:10.1.33]
	at org.apache.tomcat.util.threads.ThreadPoolExecutor.runWorker(ThreadPoolExecutor.java:1190) ~[tomcat-embed-core-10.1.33.jar:10.1.33]
	at org.apache.tomcat.util.threads.ThreadPoolExecutor$Worker.run(ThreadPoolExecutor.java:659) ~[tomcat-embed-core-10.1.33.jar:10.1.33]
	at org.apache.tomcat.util.threads.TaskThread$WrappingRunnable.run(TaskThread.java:63) ~[tomcat-embed-core-10.1.33.jar:10.1.33]
	at java.base/java.lang.Thread.run(Thread.java:1583) ~[na:na]

2026-08-21 09:09:35.676  WARN --- [http-nio-8081-exec-10] c.p.k.controller.CustomErrorController   : HTTP Error 500 occurred - URI: /settings/2fa/setup, Message: 
2026-08-21 09:10:00.703  INFO --- [SpringApplicationShutdownHook] o.s.b.w.e.tomcat.GracefulShutdown        : Commencing graceful shutdown. Waiting for active requests to complete
2026-08-21 09:10:00.708  INFO --- [tomcat-shutdown] o.s.b.w.e.tomcat.GracefulShutdown        : Graceful shutdown complete
2026-08-21 09:10:00.713  INFO --- [SpringApplicationShutdownHook] j.LocalContainerEntityManagerFactoryBean : Closing JPA EntityManagerFactory for persistence unit 'default'
2026-08-21 09:10:00.714  INFO --- [SpringApplicationShutdownHook] com.zaxxer.hikari.HikariDataSource       : HikariPool-1 - Shutdown initiated...
2026-08-21 09:10:00.716  INFO --- [SpringApplicationShutdownHook] com.zaxxer.hikari.HikariDataSource       : HikariPool-1 - Shutdown completed.
2026-08-21 09:10:05.033  INFO --- [main] com.portfolio.keyra.KeyraApplication     : Starting KeyraApplication using Java 21.0.10 with PID 31008 (C:\Users\valem\IdeaProjects\password_manager\target\classes started by valem in C:\Users\valem\IdeaProjects\password_manager)
2026-08-21 09:10:05.034  INFO --- [main] com.portfolio.keyra.KeyraApplication     : No active profile set, falling back to 1 default profile: "default"
2026-08-21 09:10:05.674  INFO --- [main] .s.d.r.c.RepositoryConfigurationDelegate : Bootstrapping Spring Data JPA repositories in DEFAULT mode.
2026-08-21 09:10:05.734  INFO --- [main] .s.d.r.c.RepositoryConfigurationDelegate : Finished Spring Data repository scanning in 52 ms. Found 3 JPA repository interfaces.
2026-08-21 09:10:06.223  INFO --- [main] o.s.b.w.embedded.tomcat.TomcatWebServer  : Tomcat initialized with port 8081 (http)
2026-08-21 09:10:06.234  INFO --- [main] o.apache.catalina.core.StandardService   : Starting service [Tomcat]
2026-08-21 09:10:06.234  INFO --- [main] o.apache.catalina.core.StandardEngine    : Starting Servlet engine: [Apache Tomcat/10.1.33]
2026-08-21 09:10:06.295  INFO --- [main] o.a.c.c.C.[Tomcat].[localhost].[/]       : Initializing Spring embedded WebApplicationContext
2026-08-21 09:10:06.296  INFO --- [main] w.s.c.ServletWebServerApplicationContext : Root WebApplicationContext: initialization completed in 1220 ms
2026-08-21 09:10:06.391  INFO --- [main] com.zaxxer.hikari.HikariDataSource       : HikariPool-1 - Starting...
2026-08-21 09:10:06.560  INFO --- [main] com.zaxxer.hikari.pool.HikariPool        : HikariPool-1 - Added connection org.postgresql.jdbc.PgConnection@17ff8810
2026-08-21 09:10:06.561  INFO --- [main] com.zaxxer.hikari.HikariDataSource       : HikariPool-1 - Start completed.
2026-08-21 09:10:06.692  INFO --- [main] liquibase.database                       : Set default schema name to public
2026-08-21 09:10:07.096  INFO --- [main] liquibase.changelog                      : Reading from public.databasechangelog
2026-08-21 09:10:07.140  INFO --- [main] liquibase.ui                             : Database is up to date, no changesets to execute
2026-08-21 09:10:07.142  INFO --- [main] liquibase.changelog                      : Reading from public.databasechangelog
2026-08-21 09:10:07.150  INFO --- [main] liquibase.util                           : UPDATE SUMMARY
2026-08-21 09:10:07.150  INFO --- [main] liquibase.util                           : Run:                          0
2026-08-21 09:10:07.150  INFO --- [main] liquibase.util                           : Previously run:               3
2026-08-21 09:10:07.151  INFO --- [main] liquibase.util                           : Filtered out:                 0
2026-08-21 09:10:07.151  INFO --- [main] liquibase.util                           : -------------------------------
2026-08-21 09:10:07.151  INFO --- [main] liquibase.util                           : Total change sets:            3
2026-08-21 09:10:07.152  INFO --- [main] liquibase.util                           : Update summary generated
2026-08-21 09:10:07.153  INFO --- [main] liquibase.command                        : Command execution complete
2026-08-21 09:10:07.222  INFO --- [main] o.hibernate.jpa.internal.util.LogHelper  : HHH000204: Processing PersistenceUnitInfo [name: default]
2026-08-21 09:10:07.282  INFO --- [main] org.hibernate.Version                    : HHH000412: Hibernate ORM core version 6.6.2.Final
2026-08-21 09:10:07.317  INFO --- [main] o.h.c.internal.RegionFactoryInitiator    : HHH000026: Second-level cache disabled
2026-08-21 09:10:07.568  INFO --- [main] o.s.o.j.p.SpringPersistenceUnitInfo      : No LoadTimeWeaver setup: ignoring JPA class transformer
2026-08-21 09:10:07.611  WARN --- [main] org.hibernate.orm.deprecation            : HHH90000025: PostgreSQLDialect does not need to be specified explicitly using 'hibernate.dialect' (remove the property setting and it will be selected by default)
2026-08-21 09:10:07.624  INFO --- [main] org.hibernate.orm.connections.pooling    : HHH10001005: Database info:
	Database JDBC URL [Connecting through datasource 'HikariDataSource (HikariPool-1)']
	Database driver: undefined/unknown
	Database version: 18.3
	Autocommit mode: undefined/unknown
	Isolation level: undefined/unknown
	Minimum pool size: undefined/unknown
	Maximum pool size: undefined/unknown
2026-08-21 09:10:08.493  INFO --- [main] o.h.e.t.j.p.i.JtaPlatformInitiator       : HHH000489: No JTA platform available (set 'hibernate.transaction.jta.platform' to enable JTA platform integration)
2026-08-21 09:10:08.525  INFO --- [main] j.LocalContainerEntityManagerFactoryBean : Initialized JPA EntityManagerFactory for persistence unit 'default'
2026-08-21 09:10:08.796  INFO --- [main] o.s.d.j.r.query.QueryEnhancerFactory     : Hibernate is in classpath; If applicable, HQL parser will be used.
2026-08-21 09:10:09.536  WARN --- [main] JpaBaseConfiguration$JpaWebConfiguration : spring.jpa.open-in-view is enabled by default. Therefore, database queries may be performed during view rendering. Explicitly configure spring.jpa.open-in-view to disable this warning
2026-08-21 09:10:09.556  INFO --- [main] r$InitializeUserDetailsManagerConfigurer : Global AuthenticationManager configured with UserDetailsService bean with name userDetailsService
2026-08-21 09:10:10.061  INFO --- [main] o.s.b.w.embedded.tomcat.TomcatWebServer  : Tomcat started on port 8081 (http) with context path '/'
2026-08-21 09:10:10.071  INFO --- [main] com.portfolio.keyra.KeyraApplication     : Started KeyraApplication in 5.462 seconds (process running for 6.05)
2026-08-21 09:10:11.603  INFO --- [http-nio-8081-exec-1] o.a.c.c.C.[Tomcat].[localhost].[/]       : Initializing Spring DispatcherServlet 'dispatcherServlet'
2026-08-21 09:10:11.604  INFO --- [http-nio-8081-exec-1] o.s.web.servlet.DispatcherServlet        : Initializing Servlet 'dispatcherServlet'
2026-08-21 09:10:11.606  INFO --- [http-nio-8081-exec-1] o.s.web.servlet.DispatcherServlet        : Completed initialization in 2 ms
2026-08-21 09:10:22.645  INFO --- [http-nio-8081-exec-4] c.p.keyra.service.TwoFactorService       : 2FA verification successful for user: vale
2026-08-21 09:10:29.978 ERROR --- [http-nio-8081-exec-9] org.thymeleaf.TemplateEngine             : [THYMELEAF][http-nio-8081-exec-9] Exception processing template "vault": Exception evaluating SpringEL expression: "credentials.size()" (template: "vault" - line 29, col 46)

org.thymeleaf.exceptions.TemplateProcessingException: Exception evaluating SpringEL expression: "credentials.size()" (template: "vault" - line 29, col 46)
	at org.thymeleaf.spring6.expression.SPELVariableExpressionEvaluator.evaluate(SPELVariableExpressionEvaluator.java:292) ~[thymeleaf-spring6-3.1.2.RELEASE.jar:3.1.2.RELEASE]
	at org.thymeleaf.standard.expression.VariableExpression.executeVariableExpression(VariableExpression.java:166) ~[thymeleaf-3.1.2.RELEASE.jar:3.1.2.RELEASE]
	at org.thymeleaf.standard.expression.SimpleExpression.executeSimple(SimpleExpression.java:66) ~[thymeleaf-3.1.2.RELEASE.jar:3.1.2.RELEASE]
	at org.thymeleaf.standard.expression.Expression.execute(Expression.java:109) ~[thymeleaf-3.1.2.RELEASE.jar:3.1.2.RELEASE]
	at org.thymeleaf.standard.expression.Expression.execute(Expression.java:138) ~[thymeleaf-3.1.2.RELEASE.jar:3.1.2.RELEASE]
	at org.thymeleaf.standard.processor.AbstractStandardExpressionAttributeTagProcessor.doProcess(AbstractStandardExpressionAttributeTagProcessor.java:144) ~[thymeleaf-3.1.2.RELEASE.jar:3.1.2.RELEASE]
	at org.thymeleaf.processor.element.AbstractAttributeTagProcessor.doProcess(AbstractAttributeTagProcessor.java:74) ~[thymeleaf-3.1.2.RELEASE.jar:3.1.2.RELEASE]
	at org.thymeleaf.processor.element.AbstractElementTagProcessor.process(AbstractElementTagProcessor.java:95) ~[thymeleaf-3.1.2.RELEASE.jar:3.1.2.RELEASE]
	at org.thymeleaf.util.ProcessorConfigurationUtils$ElementTagProcessorWrapper.process(ProcessorConfigurationUtils.java:633) ~[thymeleaf-3.1.2.RELEASE.jar:3.1.2.RELEASE]
	at org.thymeleaf.engine.ProcessorTemplateHandler.handleOpenElement(ProcessorTemplateHandler.java:1314) ~[thymeleaf-3.1.2.RELEASE.jar:3.1.2.RELEASE]
	at org.thymeleaf.engine.OpenElementTag.beHandled(OpenElementTag.java:205) ~[thymeleaf-3.1.2.RELEASE.jar:3.1.2.RELEASE]
	at org.thymeleaf.engine.TemplateModel.process(TemplateModel.java:136) ~[thymeleaf-3.1.2.RELEASE.jar:3.1.2.RELEASE]
	at org.thymeleaf.engine.TemplateManager.parseAndProcess(TemplateManager.java:592) ~[thymeleaf-3.1.2.RELEASE.jar:3.1.2.RELEASE]
	at org.thymeleaf.TemplateEngine.process(TemplateEngine.java:1103) ~[thymeleaf-3.1.2.RELEASE.jar:3.1.2.RELEASE]
	at org.thymeleaf.TemplateEngine.process(TemplateEngine.java:1077) ~[thymeleaf-3.1.2.RELEASE.jar:3.1.2.RELEASE]
	at org.thymeleaf.spring6.view.ThymeleafView.renderFragment(ThymeleafView.java:372) ~[thymeleaf-spring6-3.1.2.RELEASE.jar:3.1.2.RELEASE]
	at org.thymeleaf.spring6.view.ThymeleafView.render(ThymeleafView.java:192) ~[thymeleaf-spring6-3.1.2.RELEASE.jar:3.1.2.RELEASE]
	at org.springframework.web.servlet.DispatcherServlet.render(DispatcherServlet.java:1435) ~[spring-webmvc-6.2.0.jar:6.2.0]
	at org.springframework.web.servlet.DispatcherServlet.processDispatchResult(DispatcherServlet.java:1167) ~[spring-webmvc-6.2.0.jar:6.2.0]
	at org.springframework.web.servlet.DispatcherServlet.doDispatch(DispatcherServlet.java:1105) ~[spring-webmvc-6.2.0.jar:6.2.0]
	at org.springframework.web.servlet.DispatcherServlet.doService(DispatcherServlet.java:978) ~[spring-webmvc-6.2.0.jar:6.2.0]
	at org.springframework.web.servlet.FrameworkServlet.processRequest(FrameworkServlet.java:1014) ~[spring-webmvc-6.2.0.jar:6.2.0]
	at org.springframework.web.servlet.FrameworkServlet.doGet(FrameworkServlet.java:903) ~[spring-webmvc-6.2.0.jar:6.2.0]
	at jakarta.servlet.http.HttpServlet.service(HttpServlet.java:564) ~[tomcat-embed-core-10.1.33.jar:6.0]
	at org.springframework.web.servlet.FrameworkServlet.service(FrameworkServlet.java:885) ~[spring-webmvc-6.2.0.jar:6.2.0]
	at jakarta.servlet.http.HttpServlet.service(HttpServlet.java:658) ~[tomcat-embed-core-10.1.33.jar:6.0]
	at org.apache.catalina.core.ApplicationFilterChain.internalDoFilter(ApplicationFilterChain.java:195) ~[tomcat-embed-core-10.1.33.jar:10.1.33]
	at org.apache.catalina.core.ApplicationFilterChain.doFilter(ApplicationFilterChain.java:140) ~[tomcat-embed-core-10.1.33.jar:10.1.33]
	at org.apache.tomcat.websocket.server.WsFilter.doFilter(WsFilter.java:51) ~[tomcat-embed-websocket-10.1.33.jar:10.1.33]
	at org.apache.catalina.core.ApplicationFilterChain.internalDoFilter(ApplicationFilterChain.java:164) ~[tomcat-embed-core-10.1.33.jar:10.1.33]
	at org.apache.catalina.core.ApplicationFilterChain.doFilter(ApplicationFilterChain.java:140) ~[tomcat-embed-core-10.1.33.jar:10.1.33]
	at org.springframework.web.filter.OncePerRequestFilter.doFilter(OncePerRequestFilter.java:110) ~[spring-web-6.2.0.jar:6.2.0]
	at org.apache.catalina.core.ApplicationFilterChain.internalDoFilter(ApplicationFilterChain.java:164) ~[tomcat-embed-core-10.1.33.jar:10.1.33]
	at org.apache.catalina.core.ApplicationFilterChain.doFilter(ApplicationFilterChain.java:140) ~[tomcat-embed-core-10.1.33.jar:10.1.33]
	at org.springframework.web.filter.CompositeFilter$VirtualFilterChain.doFilter(CompositeFilter.java:108) ~[spring-web-6.2.0.jar:6.2.0]
	at org.springframework.security.web.FilterChainProxy.lambda$doFilterInternal$3(FilterChainProxy.java:231) ~[spring-security-web-6.4.1.jar:6.4.1]
	at org.springframework.security.web.FilterChainProxy$VirtualFilterChain.doFilter(FilterChainProxy.java:365) ~[spring-security-web-6.4.1.jar:6.4.1]
	at com.portfolio.keyra.config.VaultUnlockFilter.doFilterInternal(VaultUnlockFilter.java:41) ~[classes/:na]
	at org.springframework.web.filter.OncePerRequestFilter.doFilter(OncePerRequestFilter.java:116) ~[spring-web-6.2.0.jar:6.2.0]
	at org.springframework.security.web.FilterChainProxy$VirtualFilterChain.doFilter(FilterChainProxy.java:374) ~[spring-security-web-6.4.1.jar:6.4.1]
	at org.springframework.security.web.access.intercept.AuthorizationFilter.doFilter(AuthorizationFilter.java:101) ~[spring-security-web-6.4.1.jar:6.4.1]
	at org.springframework.security.web.FilterChainProxy$VirtualFilterChain.doFilter(FilterChainProxy.java:374) ~[spring-security-web-6.4.1.jar:6.4.1]
	at org.springframework.security.web.access.ExceptionTranslationFilter.doFilter(ExceptionTranslationFilter.java:126) ~[spring-security-web-6.4.1.jar:6.4.1]
	at org.springframework.security.web.access.ExceptionTranslationFilter.doFilter(ExceptionTranslationFilter.java:120) ~[spring-security-web-6.4.1.jar:6.4.1]
	at org.springframework.security.web.FilterChainProxy$VirtualFilterChain.doFilter(FilterChainProxy.java:374) ~[spring-security-web-6.4.1.jar:6.4.1]
	at org.springframework.security.web.session.SessionManagementFilter.doFilter(SessionManagementFilter.java:131) ~[spring-security-web-6.4.1.jar:6.4.1]
	at org.springframework.security.web.session.SessionManagementFilter.doFilter(SessionManagementFilter.java:85) ~[spring-security-web-6.4.1.jar:6.4.1]
	at org.springframework.security.web.FilterChainProxy$VirtualFilterChain.doFilter(FilterChainProxy.java:374) ~[spring-security-web-6.4.1.jar:6.4.1]
	at org.springframework.security.web.authentication.AnonymousAuthenticationFilter.doFilter(AnonymousAuthenticationFilter.java:100) ~[spring-security-web-6.4.1.jar:6.4.1]
	at org.springframework.security.web.FilterChainProxy$VirtualFilterChain.doFilter(FilterChainProxy.java:374) ~[spring-security-web-6.4.1.jar:6.4.1]
	at org.springframework.security.web.servletapi.SecurityContextHolderAwareRequestFilter.doFilter(SecurityContextHolderAwareRequestFilter.java:179) ~[spring-security-web-6.4.1.jar:6.4.1]
	at org.springframework.security.web.FilterChainProxy$VirtualFilterChain.doFilter(FilterChainProxy.java:374) ~[spring-security-web-6.4.1.jar:6.4.1]
	at org.springframework.security.web.savedrequest.RequestCacheAwareFilter.doFilter(RequestCacheAwareFilter.java:63) ~[spring-security-web-6.4.1.jar:6.4.1]
	at org.springframework.security.web.FilterChainProxy$VirtualFilterChain.doFilter(FilterChainProxy.java:374) ~[spring-security-web-6.4.1.jar:6.4.1]
	at org.springframework.security.web.session.ConcurrentSessionFilter.doFilter(ConcurrentSessionFilter.java:151) ~[spring-security-web-6.4.1.jar:6.4.1]
	at org.springframework.security.web.session.ConcurrentSessionFilter.doFilter(ConcurrentSessionFilter.java:129) ~[spring-security-web-6.4.1.jar:6.4.1]
	at org.springframework.security.web.FilterChainProxy$VirtualFilterChain.doFilter(FilterChainProxy.java:374) ~[spring-security-web-6.4.1.jar:6.4.1]
	at org.springframework.security.web.authentication.AbstractAuthenticationProcessingFilter.doFilter(AbstractAuthenticationProcessingFilter.java:227) ~[spring-security-web-6.4.1.jar:6.4.1]
	at org.springframework.security.web.authentication.AbstractAuthenticationProcessingFilter.doFilter(AbstractAuthenticationProcessingFilter.java:221) ~[spring-security-web-6.4.1.jar:6.4.1]
	at org.springframework.security.web.FilterChainProxy$VirtualFilterChain.doFilter(FilterChainProxy.java:374) ~[spring-security-web-6.4.1.jar:6.4.1]
	at com.portfolio.keyra.config.RateLimitingFilter.doFilterInternal(RateLimitingFilter.java:65) ~[classes/:na]
	at org.springframework.web.filter.OncePerRequestFilter.doFilter(OncePerRequestFilter.java:116) ~[spring-web-6.2.0.jar:6.2.0]
	at org.springframework.security.web.FilterChainProxy$VirtualFilterChain.doFilter(FilterChainProxy.java:374) ~[spring-security-web-6.4.1.jar:6.4.1]
	at org.springframework.security.web.authentication.AbstractAuthenticationProcessingFilter.doFilter(AbstractAuthenticationProcessingFilter.java:227) ~[spring-security-web-6.4.1.jar:6.4.1]
	at org.springframework.security.web.authentication.AbstractAuthenticationProcessingFilter.doFilter(AbstractAuthenticationProcessingFilter.java:221) ~[spring-security-web-6.4.1.jar:6.4.1]
	at org.springframework.security.web.FilterChainProxy$VirtualFilterChain.doFilter(FilterChainProxy.java:374) ~[spring-security-web-6.4.1.jar:6.4.1]
	at org.springframework.security.oauth2.client.web.OAuth2AuthorizationRequestRedirectFilter.doFilterInternal(OAuth2AuthorizationRequestRedirectFilter.java:198) ~[spring-security-oauth2-client-6.4.1.jar:6.4.1]
	at org.springframework.web.filter.OncePerRequestFilter.doFilter(OncePerRequestFilter.java:116) ~[spring-web-6.2.0.jar:6.2.0]
	at org.springframework.security.web.FilterChainProxy$VirtualFilterChain.doFilter(FilterChainProxy.java:374) ~[spring-security-web-6.4.1.jar:6.4.1]
	at org.springframework.security.web.authentication.logout.LogoutFilter.doFilter(LogoutFilter.java:107) ~[spring-security-web-6.4.1.jar:6.4.1]
	at org.springframework.security.web.authentication.logout.LogoutFilter.doFilter(LogoutFilter.java:93) ~[spring-security-web-6.4.1.jar:6.4.1]
	at org.springframework.security.web.FilterChainProxy$VirtualFilterChain.doFilter(FilterChainProxy.java:374) ~[spring-security-web-6.4.1.jar:6.4.1]
	at org.springframework.security.web.csrf.CsrfFilter.doFilterInternal(CsrfFilter.java:117) ~[spring-security-web-6.4.1.jar:6.4.1]
	at org.springframework.web.filter.OncePerRequestFilter.doFilter(OncePerRequestFilter.java:116) ~[spring-web-6.2.0.jar:6.2.0]
	at org.springframework.security.web.FilterChainProxy$VirtualFilterChain.doFilter(FilterChainProxy.java:374) ~[spring-security-web-6.4.1.jar:6.4.1]
	at org.springframework.security.web.header.HeaderWriterFilter.doHeadersAfter(HeaderWriterFilter.java:90) ~[spring-security-web-6.4.1.jar:6.4.1]
	at org.springframework.security.web.header.HeaderWriterFilter.doFilterInternal(HeaderWriterFilter.java:75) ~[spring-security-web-6.4.1.jar:6.4.1]
	at org.springframework.web.filter.OncePerRequestFilter.doFilter(OncePerRequestFilter.java:116) ~[spring-web-6.2.0.jar:6.2.0]
	at org.springframework.security.web.FilterChainProxy$VirtualFilterChain.doFilter(FilterChainProxy.java:374) ~[spring-security-web-6.4.1.jar:6.4.1]
	at org.springframework.security.web.context.SecurityContextHolderFilter.doFilter(SecurityContextHolderFilter.java:82) ~[spring-security-web-6.4.1.jar:6.4.1]
	at org.springframework.security.web.context.SecurityContextHolderFilter.doFilter(SecurityContextHolderFilter.java:69) ~[spring-security-web-6.4.1.jar:6.4.1]
	at org.springframework.security.web.FilterChainProxy$VirtualFilterChain.doFilter(FilterChainProxy.java:374) ~[spring-security-web-6.4.1.jar:6.4.1]
	at org.springframework.security.web.context.request.async.WebAsyncManagerIntegrationFilter.doFilterInternal(WebAsyncManagerIntegrationFilter.java:62) ~[spring-security-web-6.4.1.jar:6.4.1]
	at org.springframework.web.filter.OncePerRequestFilter.doFilter(OncePerRequestFilter.java:116) ~[spring-web-6.2.0.jar:6.2.0]
	at org.springframework.security.web.FilterChainProxy$VirtualFilterChain.doFilter(FilterChainProxy.java:374) ~[spring-security-web-6.4.1.jar:6.4.1]
	at org.springframework.security.web.session.DisableEncodeUrlFilter.doFilterInternal(DisableEncodeUrlFilter.java:42) ~[spring-security-web-6.4.1.jar:6.4.1]
	at org.springframework.web.filter.OncePerRequestFilter.doFilter(OncePerRequestFilter.java:116) ~[spring-web-6.2.0.jar:6.2.0]
	at org.springframework.security.web.FilterChainProxy$VirtualFilterChain.doFilter(FilterChainProxy.java:374) ~[spring-security-web-6.4.1.jar:6.4.1]
	at org.springframework.security.web.FilterChainProxy.doFilterInternal(FilterChainProxy.java:233) ~[spring-security-web-6.4.1.jar:6.4.1]
	at org.springframework.security.web.FilterChainProxy.doFilter(FilterChainProxy.java:191) ~[spring-security-web-6.4.1.jar:6.4.1]
	at org.springframework.web.filter.CompositeFilter$VirtualFilterChain.doFilter(CompositeFilter.java:113) ~[spring-web-6.2.0.jar:6.2.0]
	at org.springframework.web.servlet.handler.HandlerMappingIntrospector.lambda$createCacheFilter$3(HandlerMappingIntrospector.java:243) ~[spring-webmvc-6.2.0.jar:6.2.0]
	at org.springframework.web.filter.CompositeFilter$VirtualFilterChain.doFilter(CompositeFilter.java:113) ~[spring-web-6.2.0.jar:6.2.0]
	at org.springframework.web.filter.CompositeFilter.doFilter(CompositeFilter.java:74) ~[spring-web-6.2.0.jar:6.2.0]
	at org.springframework.security.config.annotation.web.configuration.WebMvcSecurityConfiguration$CompositeFilterChainProxy.doFilter(WebMvcSecurityConfiguration.java:238) ~[spring-security-config-6.4.1.jar:6.4.1]
	at org.springframework.web.filter.DelegatingFilterProxy.invokeDelegate(DelegatingFilterProxy.java:362) ~[spring-web-6.2.0.jar:6.2.0]
	at org.springframework.web.filter.DelegatingFilterProxy.doFilter(DelegatingFilterProxy.java:278) ~[spring-web-6.2.0.jar:6.2.0]
	at org.apache.catalina.core.ApplicationFilterChain.internalDoFilter(ApplicationFilterChain.java:164) ~[tomcat-embed-core-10.1.33.jar:10.1.33]
	at org.apache.catalina.core.ApplicationFilterChain.doFilter(ApplicationFilterChain.java:140) ~[tomcat-embed-core-10.1.33.jar:10.1.33]
	at org.springframework.web.filter.RequestContextFilter.doFilterInternal(RequestContextFilter.java:100) ~[spring-web-6.2.0.jar:6.2.0]
	at org.springframework.web.filter.OncePerRequestFilter.doFilter(OncePerRequestFilter.java:116) ~[spring-web-6.2.0.jar:6.2.0]
	at org.apache.catalina.core.ApplicationFilterChain.internalDoFilter(ApplicationFilterChain.java:164) ~[tomcat-embed-core-10.1.33.jar:10.1.33]
	at org.apache.catalina.core.ApplicationFilterChain.doFilter(ApplicationFilterChain.java:140) ~[tomcat-embed-core-10.1.33.jar:10.1.33]
	at org.springframework.web.filter.FormContentFilter.doFilterInternal(FormContentFilter.java:93) ~[spring-web-6.2.0.jar:6.2.0]
	at org.springframework.web.filter.OncePerRequestFilter.doFilter(OncePerRequestFilter.java:116) ~[spring-web-6.2.0.jar:6.2.0]
	at org.apache.catalina.core.ApplicationFilterChain.internalDoFilter(ApplicationFilterChain.java:164) ~[tomcat-embed-core-10.1.33.jar:10.1.33]
	at org.apache.catalina.core.ApplicationFilterChain.doFilter(ApplicationFilterChain.java:140) ~[tomcat-embed-core-10.1.33.jar:10.1.33]
	at org.springframework.web.filter.CharacterEncodingFilter.doFilterInternal(CharacterEncodingFilter.java:201) ~[spring-web-6.2.0.jar:6.2.0]
	at org.springframework.web.filter.OncePerRequestFilter.doFilter(OncePerRequestFilter.java:116) ~[spring-web-6.2.0.jar:6.2.0]
	at org.apache.catalina.core.ApplicationFilterChain.internalDoFilter(ApplicationFilterChain.java:164) ~[tomcat-embed-core-10.1.33.jar:10.1.33]
	at org.apache.catalina.core.ApplicationFilterChain.doFilter(ApplicationFilterChain.java:140) ~[tomcat-embed-core-10.1.33.jar:10.1.33]
	at org.apache.catalina.core.StandardWrapperValve.invoke(StandardWrapperValve.java:167) ~[tomcat-embed-core-10.1.33.jar:10.1.33]
	at org.apache.catalina.core.StandardContextValve.invoke(StandardContextValve.java:90) ~[tomcat-embed-core-10.1.33.jar:10.1.33]
	at org.apache.catalina.authenticator.AuthenticatorBase.invoke(AuthenticatorBase.java:483) ~[tomcat-embed-core-10.1.33.jar:10.1.33]
	at org.apache.catalina.core.StandardHostValve.invoke(StandardHostValve.java:115) ~[tomcat-embed-core-10.1.33.jar:10.1.33]
	at org.apache.catalina.valves.ErrorReportValve.invoke(ErrorReportValve.java:93) ~[tomcat-embed-core-10.1.33.jar:10.1.33]
	at org.apache.catalina.core.StandardEngineValve.invoke(StandardEngineValve.java:74) ~[tomcat-embed-core-10.1.33.jar:10.1.33]
	at org.apache.catalina.connector.CoyoteAdapter.service(CoyoteAdapter.java:344) ~[tomcat-embed-core-10.1.33.jar:10.1.33]
	at org.apache.coyote.http11.Http11Processor.service(Http11Processor.java:397) ~[tomcat-embed-core-10.1.33.jar:10.1.33]
	at org.apache.coyote.AbstractProcessorLight.process(AbstractProcessorLight.java:63) ~[tomcat-embed-core-10.1.33.jar:10.1.33]
	at org.apache.coyote.AbstractProtocol$ConnectionHandler.process(AbstractProtocol.java:905) ~[tomcat-embed-core-10.1.33.jar:10.1.33]
	at org.apache.tomcat.util.net.NioEndpoint$SocketProcessor.doRun(NioEndpoint.java:1741) ~[tomcat-embed-core-10.1.33.jar:10.1.33]
	at org.apache.tomcat.util.net.SocketProcessorBase.run(SocketProcessorBase.java:52) ~[tomcat-embed-core-10.1.33.jar:10.1.33]
	at org.apache.tomcat.util.threads.ThreadPoolExecutor.runWorker(ThreadPoolExecutor.java:1190) ~[tomcat-embed-core-10.1.33.jar:10.1.33]
	at org.apache.tomcat.util.threads.ThreadPoolExecutor$Worker.run(ThreadPoolExecutor.java:659) ~[tomcat-embed-core-10.1.33.jar:10.1.33]
	at org.apache.tomcat.util.threads.TaskThread$WrappingRunnable.run(TaskThread.java:63) ~[tomcat-embed-core-10.1.33.jar:10.1.33]
	at java.base/java.lang.Thread.run(Thread.java:1583) ~[na:na]
Caused by: org.springframework.expression.spel.SpelEvaluationException: EL1011E: Method call: Attempted to call method size() on null context object
	at org.springframework.expression.spel.ast.MethodReference.throwIfNotNullSafe(MethodReference.java:167) ~[spring-expression-6.2.0.jar:6.2.0]
	at org.springframework.expression.spel.ast.MethodReference.getValueRef(MethodReference.java:96) ~[spring-expression-6.2.0.jar:6.2.0]
	at org.springframework.expression.spel.ast.CompoundExpression.getValueRef(CompoundExpression.java:75) ~[spring-expression-6.2.0.jar:6.2.0]
	at org.springframework.expression.spel.ast.CompoundExpression.getValueInternal(CompoundExpression.java:96) ~[spring-expression-6.2.0.jar:6.2.0]
	at org.springframework.expression.spel.ast.SpelNodeImpl.getValue(SpelNodeImpl.java:116) ~[spring-expression-6.2.0.jar:6.2.0]
	at org.springframework.expression.spel.standard.SpelExpression.getValue(SpelExpression.java:338) ~[spring-expression-6.2.0.jar:6.2.0]
	at org.thymeleaf.spring6.expression.SPELVariableExpressionEvaluator.evaluate(SPELVariableExpressionEvaluator.java:265) ~[thymeleaf-spring6-3.1.2.RELEASE.jar:3.1.2.RELEASE]
	... 126 common frames omitted

2026-08-21 09:10:29.984 ERROR --- [http-nio-8081-exec-9] o.a.c.c.C.[.[.[/].[dispatcherServlet]    : Servlet.service() for servlet [dispatcherServlet] in context with path [] threw exception [Request processing failed: org.thymeleaf.exceptions.TemplateProcessingException: Exception evaluating SpringEL expression: "credentials.size()" (template: "vault" - line 29, col 46)] with root cause

org.springframework.expression.spel.SpelEvaluationException: EL1011E: Method call: Attempted to call method size() on null context object
	at org.springframework.expression.spel.ast.MethodReference.throwIfNotNullSafe(MethodReference.java:167) ~[spring-expression-6.2.0.jar:6.2.0]
	at org.springframework.expression.spel.ast.MethodReference.getValueRef(MethodReference.java:96) ~[spring-expression-6.2.0.jar:6.2.0]
	at org.springframework.expression.spel.ast.CompoundExpression.getValueRef(CompoundExpression.java:75) ~[spring-expression-6.2.0.jar:6.2.0]
	at org.springframework.expression.spel.ast.CompoundExpression.getValueInternal(CompoundExpression.java:96) ~[spring-expression-6.2.0.jar:6.2.0]
	at org.springframework.expression.spel.ast.SpelNodeImpl.getValue(SpelNodeImpl.java:116) ~[spring-expression-6.2.0.jar:6.2.0]
	at org.springframework.expression.spel.standard.SpelExpression.getValue(SpelExpression.java:338) ~[spring-expression-6.2.0.jar:6.2.0]
	at org.thymeleaf.spring6.expression.SPELVariableExpressionEvaluator.evaluate(SPELVariableExpressionEvaluator.java:265) ~[thymeleaf-spring6-3.1.2.RELEASE.jar:3.1.2.RELEASE]
	at org.thymeleaf.standard.expression.VariableExpression.executeVariableExpression(VariableExpression.java:166) ~[thymeleaf-3.1.2.RELEASE.jar:3.1.2.RELEASE]
	at org.thymeleaf.standard.expression.SimpleExpression.executeSimple(SimpleExpression.java:66) ~[thymeleaf-3.1.2.RELEASE.jar:3.1.2.RELEASE]
	at org.thymeleaf.standard.expression.Expression.execute(Expression.java:109) ~[thymeleaf-3.1.2.RELEASE.jar:3.1.2.RELEASE]
	at org.thymeleaf.standard.expression.Expression.execute(Expression.java:138) ~[thymeleaf-3.1.2.RELEASE.jar:3.1.2.RELEASE]
	at org.thymeleaf.standard.processor.AbstractStandardExpressionAttributeTagProcessor.doProcess(AbstractStandardExpressionAttributeTagProcessor.java:144) ~[thymeleaf-3.1.2.RELEASE.jar:3.1.2.RELEASE]
	at org.thymeleaf.processor.element.AbstractAttributeTagProcessor.doProcess(AbstractAttributeTagProcessor.java:74) ~[thymeleaf-3.1.2.RELEASE.jar:3.1.2.RELEASE]
	at org.thymeleaf.processor.element.AbstractElementTagProcessor.process(AbstractElementTagProcessor.java:95) ~[thymeleaf-3.1.2.RELEASE.jar:3.1.2.RELEASE]
	at org.thymeleaf.util.ProcessorConfigurationUtils$ElementTagProcessorWrapper.process(ProcessorConfigurationUtils.java:633) ~[thymeleaf-3.1.2.RELEASE.jar:3.1.2.RELEASE]
	at org.thymeleaf.engine.ProcessorTemplateHandler.handleOpenElement(ProcessorTemplateHandler.java:1314) ~[thymeleaf-3.1.2.RELEASE.jar:3.1.2.RELEASE]
	at org.thymeleaf.engine.OpenElementTag.beHandled(OpenElementTag.java:205) ~[thymeleaf-3.1.2.RELEASE.jar:3.1.2.RELEASE]
	at org.thymeleaf.engine.TemplateModel.process(TemplateModel.java:136) ~[thymeleaf-3.1.2.RELEASE.jar:3.1.2.RELEASE]
	at org.thymeleaf.engine.TemplateManager.parseAndProcess(TemplateManager.java:592) ~[thymeleaf-3.1.2.RELEASE.jar:3.1.2.RELEASE]
	at org.thymeleaf.TemplateEngine.process(TemplateEngine.java:1103) ~[thymeleaf-3.1.2.RELEASE.jar:3.1.2.RELEASE]
	at org.thymeleaf.TemplateEngine.process(TemplateEngine.java:1077) ~[thymeleaf-3.1.2.RELEASE.jar:3.1.2.RELEASE]
	at org.thymeleaf.spring6.view.ThymeleafView.renderFragment(ThymeleafView.java:372) ~[thymeleaf-spring6-3.1.2.RELEASE.jar:3.1.2.RELEASE]
	at org.thymeleaf.spring6.view.ThymeleafView.render(ThymeleafView.java:192) ~[thymeleaf-spring6-3.1.2.RELEASE.jar:3.1.2.RELEASE]
	at org.springframework.web.servlet.DispatcherServlet.render(DispatcherServlet.java:1435) ~[spring-webmvc-6.2.0.jar:6.2.0]
	at org.springframework.web.servlet.DispatcherServlet.processDispatchResult(DispatcherServlet.java:1167) ~[spring-webmvc-6.2.0.jar:6.2.0]
	at org.springframework.web.servlet.DispatcherServlet.doDispatch(DispatcherServlet.java:1105) ~[spring-webmvc-6.2.0.jar:6.2.0]
	at org.springframework.web.servlet.DispatcherServlet.doService(DispatcherServlet.java:978) ~[spring-webmvc-6.2.0.jar:6.2.0]
	at org.springframework.web.servlet.FrameworkServlet.processRequest(FrameworkServlet.java:1014) ~[spring-webmvc-6.2.0.jar:6.2.0]
	at org.springframework.web.servlet.FrameworkServlet.doGet(FrameworkServlet.java:903) ~[spring-webmvc-6.2.0.jar:6.2.0]
	at jakarta.servlet.http.HttpServlet.service(HttpServlet.java:564) ~[tomcat-embed-core-10.1.33.jar:6.0]
	at org.springframework.web.servlet.FrameworkServlet.service(FrameworkServlet.java:885) ~[spring-webmvc-6.2.0.jar:6.2.0]
	at jakarta.servlet.http.HttpServlet.service(HttpServlet.java:658) ~[tomcat-embed-core-10.1.33.jar:6.0]
	at org.apache.catalina.core.ApplicationFilterChain.internalDoFilter(ApplicationFilterChain.java:195) ~[tomcat-embed-core-10.1.33.jar:10.1.33]
	at org.apache.catalina.core.ApplicationFilterChain.doFilter(ApplicationFilterChain.java:140) ~[tomcat-embed-core-10.1.33.jar:10.1.33]
	at org.apache.tomcat.websocket.server.WsFilter.doFilter(WsFilter.java:51) ~[tomcat-embed-websocket-10.1.33.jar:10.1.33]
	at org.apache.catalina.core.ApplicationFilterChain.internalDoFilter(ApplicationFilterChain.java:164) ~[tomcat-embed-core-10.1.33.jar:10.1.33]
	at org.apache.catalina.core.ApplicationFilterChain.doFilter(ApplicationFilterChain.java:140) ~[tomcat-embed-core-10.1.33.jar:10.1.33]
	at org.springframework.web.filter.OncePerRequestFilter.doFilter(OncePerRequestFilter.java:110) ~[spring-web-6.2.0.jar:6.2.0]
	at org.apache.catalina.core.ApplicationFilterChain.internalDoFilter(ApplicationFilterChain.java:164) ~[tomcat-embed-core-10.1.33.jar:10.1.33]
	at org.apache.catalina.core.ApplicationFilterChain.doFilter(ApplicationFilterChain.java:140) ~[tomcat-embed-core-10.1.33.jar:10.1.33]
	at org.springframework.web.filter.CompositeFilter$VirtualFilterChain.doFilter(CompositeFilter.java:108) ~[spring-web-6.2.0.jar:6.2.0]
	at org.springframework.security.web.FilterChainProxy.lambda$doFilterInternal$3(FilterChainProxy.java:231) ~[spring-security-web-6.4.1.jar:6.4.1]
	at org.springframework.security.web.FilterChainProxy$VirtualFilterChain.doFilter(FilterChainProxy.java:365) ~[spring-security-web-6.4.1.jar:6.4.1]
	at com.portfolio.keyra.config.VaultUnlockFilter.doFilterInternal(VaultUnlockFilter.java:41) ~[classes/:na]
	at org.springframework.web.filter.OncePerRequestFilter.doFilter(OncePerRequestFilter.java:116) ~[spring-web-6.2.0.jar:6.2.0]
	at org.springframework.security.web.FilterChainProxy$VirtualFilterChain.doFilter(FilterChainProxy.java:374) ~[spring-security-web-6.4.1.jar:6.4.1]
	at org.springframework.security.web.access.intercept.AuthorizationFilter.doFilter(AuthorizationFilter.java:101) ~[spring-security-web-6.4.1.jar:6.4.1]
	at org.springframework.security.web.FilterChainProxy$VirtualFilterChain.doFilter(FilterChainProxy.java:374) ~[spring-security-web-6.4.1.jar:6.4.1]
	at org.springframework.security.web.access.ExceptionTranslationFilter.doFilter(ExceptionTranslationFilter.java:126) ~[spring-security-web-6.4.1.jar:6.4.1]
	at org.springframework.security.web.access.ExceptionTranslationFilter.doFilter(ExceptionTranslationFilter.java:120) ~[spring-security-web-6.4.1.jar:6.4.1]
	at org.springframework.security.web.FilterChainProxy$VirtualFilterChain.doFilter(FilterChainProxy.java:374) ~[spring-security-web-6.4.1.jar:6.4.1]
	at org.springframework.security.web.session.SessionManagementFilter.doFilter(SessionManagementFilter.java:131) ~[spring-security-web-6.4.1.jar:6.4.1]
	at org.springframework.security.web.session.SessionManagementFilter.doFilter(SessionManagementFilter.java:85) ~[spring-security-web-6.4.1.jar:6.4.1]
	at org.springframework.security.web.FilterChainProxy$VirtualFilterChain.doFilter(FilterChainProxy.java:374) ~[spring-security-web-6.4.1.jar:6.4.1]
	at org.springframework.security.web.authentication.AnonymousAuthenticationFilter.doFilter(AnonymousAuthenticationFilter.java:100) ~[spring-security-web-6.4.1.jar:6.4.1]
	at org.springframework.security.web.FilterChainProxy$VirtualFilterChain.doFilter(FilterChainProxy.java:374) ~[spring-security-web-6.4.1.jar:6.4.1]
	at org.springframework.security.web.servletapi.SecurityContextHolderAwareRequestFilter.doFilter(SecurityContextHolderAwareRequestFilter.java:179) ~[spring-security-web-6.4.1.jar:6.4.1]
	at org.springframework.security.web.FilterChainProxy$VirtualFilterChain.doFilter(FilterChainProxy.java:374) ~[spring-security-web-6.4.1.jar:6.4.1]
	at org.springframework.security.web.savedrequest.RequestCacheAwareFilter.doFilter(RequestCacheAwareFilter.java:63) ~[spring-security-web-6.4.1.jar:6.4.1]
	at org.springframework.security.web.FilterChainProxy$VirtualFilterChain.doFilter(FilterChainProxy.java:374) ~[spring-security-web-6.4.1.jar:6.4.1]
	at org.springframework.security.web.session.ConcurrentSessionFilter.doFilter(ConcurrentSessionFilter.java:151) ~[spring-security-web-6.4.1.jar:6.4.1]
	at org.springframework.security.web.session.ConcurrentSessionFilter.doFilter(ConcurrentSessionFilter.java:129) ~[spring-security-web-6.4.1.jar:6.4.1]
	at org.springframework.security.web.FilterChainProxy$VirtualFilterChain.doFilter(FilterChainProxy.java:374) ~[spring-security-web-6.4.1.jar:6.4.1]
	at org.springframework.security.web.authentication.AbstractAuthenticationProcessingFilter.doFilter(AbstractAuthenticationProcessingFilter.java:227) ~[spring-security-web-6.4.1.jar:6.4.1]
	at org.springframework.security.web.authentication.AbstractAuthenticationProcessingFilter.doFilter(AbstractAuthenticationProcessingFilter.java:221) ~[spring-security-web-6.4.1.jar:6.4.1]
	at org.springframework.security.web.FilterChainProxy$VirtualFilterChain.doFilter(FilterChainProxy.java:374) ~[spring-security-web-6.4.1.jar:6.4.1]
	at com.portfolio.keyra.config.RateLimitingFilter.doFilterInternal(RateLimitingFilter.java:65) ~[classes/:na]
	at org.springframework.web.filter.OncePerRequestFilter.doFilter(OncePerRequestFilter.java:116) ~[spring-web-6.2.0.jar:6.2.0]
	at org.springframework.security.web.FilterChainProxy$VirtualFilterChain.doFilter(FilterChainProxy.java:374) ~[spring-security-web-6.4.1.jar:6.4.1]
	at org.springframework.security.web.authentication.AbstractAuthenticationProcessingFilter.doFilter(AbstractAuthenticationProcessingFilter.java:227) ~[spring-security-web-6.4.1.jar:6.4.1]
	at org.springframework.security.web.authentication.AbstractAuthenticationProcessingFilter.doFilter(AbstractAuthenticationProcessingFilter.java:221) ~[spring-security-web-6.4.1.jar:6.4.1]
	at org.springframework.security.web.FilterChainProxy$VirtualFilterChain.doFilter(FilterChainProxy.java:374) ~[spring-security-web-6.4.1.jar:6.4.1]
	at org.springframework.security.oauth2.client.web.OAuth2AuthorizationRequestRedirectFilter.doFilterInternal(OAuth2AuthorizationRequestRedirectFilter.java:198) ~[spring-security-oauth2-client-6.4.1.jar:6.4.1]
	at org.springframework.web.filter.OncePerRequestFilter.doFilter(OncePerRequestFilter.java:116) ~[spring-web-6.2.0.jar:6.2.0]
	at org.springframework.security.web.FilterChainProxy$VirtualFilterChain.doFilter(FilterChainProxy.java:374) ~[spring-security-web-6.4.1.jar:6.4.1]
	at org.springframework.security.web.authentication.logout.LogoutFilter.doFilter(LogoutFilter.java:107) ~[spring-security-web-6.4.1.jar:6.4.1]
	at org.springframework.security.web.authentication.logout.LogoutFilter.doFilter(LogoutFilter.java:93) ~[spring-security-web-6.4.1.jar:6.4.1]
	at org.springframework.security.web.FilterChainProxy$VirtualFilterChain.doFilter(FilterChainProxy.java:374) ~[spring-security-web-6.4.1.jar:6.4.1]
	at org.springframework.security.web.csrf.CsrfFilter.doFilterInternal(CsrfFilter.java:117) ~[spring-security-web-6.4.1.jar:6.4.1]
	at org.springframework.web.filter.OncePerRequestFilter.doFilter(OncePerRequestFilter.java:116) ~[spring-web-6.2.0.jar:6.2.0]
	at org.springframework.security.web.FilterChainProxy$VirtualFilterChain.doFilter(FilterChainProxy.java:374) ~[spring-security-web-6.4.1.jar:6.4.1]
	at org.springframework.security.web.header.HeaderWriterFilter.doHeadersAfter(HeaderWriterFilter.java:90) ~[spring-security-web-6.4.1.jar:6.4.1]
	at org.springframework.security.web.header.HeaderWriterFilter.doFilterInternal(HeaderWriterFilter.java:75) ~[spring-security-web-6.4.1.jar:6.4.1]
	at org.springframework.web.filter.OncePerRequestFilter.doFilter(OncePerRequestFilter.java:116) ~[spring-web-6.2.0.jar:6.2.0]
	at org.springframework.security.web.FilterChainProxy$VirtualFilterChain.doFilter(FilterChainProxy.java:374) ~[spring-security-web-6.4.1.jar:6.4.1]
	at org.springframework.security.web.context.SecurityContextHolderFilter.doFilter(SecurityContextHolderFilter.java:82) ~[spring-security-web-6.4.1.jar:6.4.1]
	at org.springframework.security.web.context.SecurityContextHolderFilter.doFilter(SecurityContextHolderFilter.java:69) ~[spring-security-web-6.4.1.jar:6.4.1]
	at org.springframework.security.web.FilterChainProxy$VirtualFilterChain.doFilter(FilterChainProxy.java:374) ~[spring-security-web-6.4.1.jar:6.4.1]
	at org.springframework.security.web.context.request.async.WebAsyncManagerIntegrationFilter.doFilterInternal(WebAsyncManagerIntegrationFilter.java:62) ~[spring-security-web-6.4.1.jar:6.4.1]
	at org.springframework.web.filter.OncePerRequestFilter.doFilter(OncePerRequestFilter.java:116) ~[spring-web-6.2.0.jar:6.2.0]
	at org.springframework.security.web.FilterChainProxy$VirtualFilterChain.doFilter(FilterChainProxy.java:374) ~[spring-security-web-6.4.1.jar:6.4.1]
	at org.springframework.security.web.session.DisableEncodeUrlFilter.doFilterInternal(DisableEncodeUrlFilter.java:42) ~[spring-security-web-6.4.1.jar:6.4.1]
	at org.springframework.web.filter.OncePerRequestFilter.doFilter(OncePerRequestFilter.java:116) ~[spring-web-6.2.0.jar:6.2.0]
	at org.springframework.security.web.FilterChainProxy$VirtualFilterChain.doFilter(FilterChainProxy.java:374) ~[spring-security-web-6.4.1.jar:6.4.1]
	at org.springframework.security.web.FilterChainProxy.doFilterInternal(FilterChainProxy.java:233) ~[spring-security-web-6.4.1.jar:6.4.1]
	at org.springframework.security.web.FilterChainProxy.doFilter(FilterChainProxy.java:191) ~[spring-security-web-6.4.1.jar:6.4.1]
	at org.springframework.web.filter.CompositeFilter$VirtualFilterChain.doFilter(CompositeFilter.java:113) ~[spring-web-6.2.0.jar:6.2.0]
	at org.springframework.web.servlet.handler.HandlerMappingIntrospector.lambda$createCacheFilter$3(HandlerMappingIntrospector.java:243) ~[spring-webmvc-6.2.0.jar:6.2.0]
	at org.springframework.web.filter.CompositeFilter$VirtualFilterChain.doFilter(CompositeFilter.java:113) ~[spring-web-6.2.0.jar:6.2.0]
	at org.springframework.web.filter.CompositeFilter.doFilter(CompositeFilter.java:74) ~[spring-web-6.2.0.jar:6.2.0]
	at org.springframework.security.config.annotation.web.configuration.WebMvcSecurityConfiguration$CompositeFilterChainProxy.doFilter(WebMvcSecurityConfiguration.java:238) ~[spring-security-config-6.4.1.jar:6.4.1]
	at org.springframework.web.filter.DelegatingFilterProxy.invokeDelegate(DelegatingFilterProxy.java:362) ~[spring-web-6.2.0.jar:6.2.0]
	at org.springframework.web.filter.DelegatingFilterProxy.doFilter(DelegatingFilterProxy.java:278) ~[spring-web-6.2.0.jar:6.2.0]
	at org.apache.catalina.core.ApplicationFilterChain.internalDoFilter(ApplicationFilterChain.java:164) ~[tomcat-embed-core-10.1.33.jar:10.1.33]
	at org.apache.catalina.core.ApplicationFilterChain.doFilter(ApplicationFilterChain.java:140) ~[tomcat-embed-core-10.1.33.jar:10.1.33]
	at org.springframework.web.filter.RequestContextFilter.doFilterInternal(RequestContextFilter.java:100) ~[spring-web-6.2.0.jar:6.2.0]
	at org.springframework.web.filter.OncePerRequestFilter.doFilter(OncePerRequestFilter.java:116) ~[spring-web-6.2.0.jar:6.2.0]
	at org.apache.catalina.core.ApplicationFilterChain.internalDoFilter(ApplicationFilterChain.java:164) ~[tomcat-embed-core-10.1.33.jar:10.1.33]
	at org.apache.catalina.core.ApplicationFilterChain.doFilter(ApplicationFilterChain.java:140) ~[tomcat-embed-core-10.1.33.jar:10.1.33]
	at org.springframework.web.filter.FormContentFilter.doFilterInternal(FormContentFilter.java:93) ~[spring-web-6.2.0.jar:6.2.0]
	at org.springframework.web.filter.OncePerRequestFilter.doFilter(OncePerRequestFilter.java:116) ~[spring-web-6.2.0.jar:6.2.0]
	at org.apache.catalina.core.ApplicationFilterChain.internalDoFilter(ApplicationFilterChain.java:164) ~[tomcat-embed-core-10.1.33.jar:10.1.33]
	at org.apache.catalina.core.ApplicationFilterChain.doFilter(ApplicationFilterChain.java:140) ~[tomcat-embed-core-10.1.33.jar:10.1.33]
	at org.springframework.web.filter.CharacterEncodingFilter.doFilterInternal(CharacterEncodingFilter.java:201) ~[spring-web-6.2.0.jar:6.2.0]
	at org.springframework.web.filter.OncePerRequestFilter.doFilter(OncePerRequestFilter.java:116) ~[spring-web-6.2.0.jar:6.2.0]
	at org.apache.catalina.core.ApplicationFilterChain.internalDoFilter(ApplicationFilterChain.java:164) ~[tomcat-embed-core-10.1.33.jar:10.1.33]
	at org.apache.catalina.core.ApplicationFilterChain.doFilter(ApplicationFilterChain.java:140) ~[tomcat-embed-core-10.1.33.jar:10.1.33]
	at org.apache.catalina.core.StandardWrapperValve.invoke(StandardWrapperValve.java:167) ~[tomcat-embed-core-10.1.33.jar:10.1.33]
	at org.apache.catalina.core.StandardContextValve.invoke(StandardContextValve.java:90) ~[tomcat-embed-core-10.1.33.jar:10.1.33]
	at org.apache.catalina.authenticator.AuthenticatorBase.invoke(AuthenticatorBase.java:483) ~[tomcat-embed-core-10.1.33.jar:10.1.33]
	at org.apache.catalina.core.StandardHostValve.invoke(StandardHostValve.java:115) ~[tomcat-embed-core-10.1.33.jar:10.1.33]
	at org.apache.catalina.valves.ErrorReportValve.invoke(ErrorReportValve.java:93) ~[tomcat-embed-core-10.1.33.jar:10.1.33]
	at org.apache.catalina.core.StandardEngineValve.invoke(StandardEngineValve.java:74) ~[tomcat-embed-core-10.1.33.jar:10.1.33]
	at org.apache.catalina.connector.CoyoteAdapter.service(CoyoteAdapter.java:344) ~[tomcat-embed-core-10.1.33.jar:10.1.33]
	at org.apache.coyote.http11.Http11Processor.service(Http11Processor.java:397) ~[tomcat-embed-core-10.1.33.jar:10.1.33]
	at org.apache.coyote.AbstractProcessorLight.process(AbstractProcessorLight.java:63) ~[tomcat-embed-core-10.1.33.jar:10.1.33]
	at org.apache.coyote.AbstractProtocol$ConnectionHandler.process(AbstractProtocol.java:905) ~[tomcat-embed-core-10.1.33.jar:10.1.33]
	at org.apache.tomcat.util.net.NioEndpoint$SocketProcessor.doRun(NioEndpoint.java:1741) ~[tomcat-embed-core-10.1.33.jar:10.1.33]
	at org.apache.tomcat.util.net.SocketProcessorBase.run(SocketProcessorBase.java:52) ~[tomcat-embed-core-10.1.33.jar:10.1.33]
	at org.apache.tomcat.util.threads.ThreadPoolExecutor.runWorker(ThreadPoolExecutor.java:1190) ~[tomcat-embed-core-10.1.33.jar:10.1.33]
	at org.apache.tomcat.util.threads.ThreadPoolExecutor$Worker.run(ThreadPoolExecutor.java:659) ~[tomcat-embed-core-10.1.33.jar:10.1.33]
	at org.apache.tomcat.util.threads.TaskThread$WrappingRunnable.run(TaskThread.java:63) ~[tomcat-embed-core-10.1.33.jar:10.1.33]
	at java.base/java.lang.Thread.run(Thread.java:1583) ~[na:na]

2026-08-21 09:10:29.986  WARN --- [http-nio-8081-exec-9] c.p.k.controller.CustomErrorController   : HTTP Error 500 occurred - URI: /settings/2fa/setup, Message: 
2026-08-21 09:11:06.369  INFO --- [SpringApplicationShutdownHook] o.s.b.w.e.tomcat.GracefulShutdown        : Commencing graceful shutdown. Waiting for active requests to complete
2026-08-21 09:11:06.374  INFO --- [tomcat-shutdown] o.s.b.w.e.tomcat.GracefulShutdown        : Graceful shutdown complete
2026-08-21 09:11:06.378  INFO --- [SpringApplicationShutdownHook] j.LocalContainerEntityManagerFactoryBean : Closing JPA EntityManagerFactory for persistence unit 'default'
2026-08-21 09:11:06.381  INFO --- [SpringApplicationShutdownHook] com.zaxxer.hikari.HikariDataSource       : HikariPool-1 - Shutdown initiated...
2026-08-21 09:11:06.384  INFO --- [SpringApplicationShutdownHook] com.zaxxer.hikari.HikariDataSource       : HikariPool-1 - Shutdown completed.
2026-08-21 09:11:10.615  INFO --- [main] com.portfolio.keyra.KeyraApplication     : Starting KeyraApplication using Java 21.0.10 with PID 7532 (C:\Users\valem\IdeaProjects\password_manager\target\classes started by valem in C:\Users\valem\IdeaProjects\password_manager)
2026-08-21 09:11:10.618  INFO --- [main] com.portfolio.keyra.KeyraApplication     : No active profile set, falling back to 1 default profile: "default"
2026-08-21 09:11:11.278  INFO --- [main] .s.d.r.c.RepositoryConfigurationDelegate : Bootstrapping Spring Data JPA repositories in DEFAULT mode.
2026-08-21 09:11:11.336  INFO --- [main] .s.d.r.c.RepositoryConfigurationDelegate : Finished Spring Data repository scanning in 49 ms. Found 3 JPA repository interfaces.
2026-08-21 09:11:11.809  INFO --- [main] o.s.b.w.embedded.tomcat.TomcatWebServer  : Tomcat initialized with port 8081 (http)
2026-08-21 09:11:11.820  INFO --- [main] o.apache.catalina.core.StandardService   : Starting service [Tomcat]
2026-08-21 09:11:11.821  INFO --- [main] o.apache.catalina.core.StandardEngine    : Starting Servlet engine: [Apache Tomcat/10.1.33]
2026-08-21 09:11:11.884  INFO --- [main] o.a.c.c.C.[Tomcat].[localhost].[/]       : Initializing Spring embedded WebApplicationContext
2026-08-21 09:11:11.884  INFO --- [main] w.s.c.ServletWebServerApplicationContext : Root WebApplicationContext: initialization completed in 1224 ms
2026-08-21 09:11:11.984  INFO --- [main] com.zaxxer.hikari.HikariDataSource       : HikariPool-1 - Starting...
2026-08-21 09:11:12.147  INFO --- [main] com.zaxxer.hikari.pool.HikariPool        : HikariPool-1 - Added connection org.postgresql.jdbc.PgConnection@34a20f16
2026-08-21 09:11:12.149  INFO --- [main] com.zaxxer.hikari.HikariDataSource       : HikariPool-1 - Start completed.
2026-08-21 09:11:12.280  INFO --- [main] liquibase.database                       : Set default schema name to public
2026-08-21 09:11:12.683  INFO --- [main] liquibase.changelog                      : Reading from public.databasechangelog
2026-08-21 09:11:12.725  INFO --- [main] liquibase.ui                             : Database is up to date, no changesets to execute
2026-08-21 09:11:12.727  INFO --- [main] liquibase.changelog                      : Reading from public.databasechangelog
2026-08-21 09:11:12.735  INFO --- [main] liquibase.util                           : UPDATE SUMMARY
2026-08-21 09:11:12.736  INFO --- [main] liquibase.util                           : Run:                          0
2026-08-21 09:11:12.736  INFO --- [main] liquibase.util                           : Previously run:               3
2026-08-21 09:11:12.736  INFO --- [main] liquibase.util                           : Filtered out:                 0
2026-08-21 09:11:12.736  INFO --- [main] liquibase.util                           : -------------------------------
2026-08-21 09:11:12.736  INFO --- [main] liquibase.util                           : Total change sets:            3
2026-08-21 09:11:12.736  INFO --- [main] liquibase.util                           : Update summary generated
2026-08-21 09:11:12.737  INFO --- [main] liquibase.command                        : Command execution complete
2026-08-21 09:11:12.809  INFO --- [main] o.hibernate.jpa.internal.util.LogHelper  : HHH000204: Processing PersistenceUnitInfo [name: default]
2026-08-21 09:11:12.872  INFO --- [main] org.hibernate.Version                    : HHH000412: Hibernate ORM core version 6.6.2.Final
2026-08-21 09:11:12.910  INFO --- [main] o.h.c.internal.RegionFactoryInitiator    : HHH000026: Second-level cache disabled
2026-08-21 09:11:13.172  INFO --- [main] o.s.o.j.p.SpringPersistenceUnitInfo      : No LoadTimeWeaver setup: ignoring JPA class transformer
2026-08-21 09:11:13.225  WARN --- [main] org.hibernate.orm.deprecation            : HHH90000025: PostgreSQLDialect does not need to be specified explicitly using 'hibernate.dialect' (remove the property setting and it will be selected by default)
2026-08-21 09:11:13.237  INFO --- [main] org.hibernate.orm.connections.pooling    : HHH10001005: Database info:
	Database JDBC URL [Connecting through datasource 'HikariDataSource (HikariPool-1)']
	Database driver: undefined/unknown
	Database version: 18.3
	Autocommit mode: undefined/unknown
	Isolation level: undefined/unknown
	Minimum pool size: undefined/unknown
	Maximum pool size: undefined/unknown
2026-08-21 09:11:14.113  INFO --- [main] o.h.e.t.j.p.i.JtaPlatformInitiator       : HHH000489: No JTA platform available (set 'hibernate.transaction.jta.platform' to enable JTA platform integration)
2026-08-21 09:11:14.143  INFO --- [main] j.LocalContainerEntityManagerFactoryBean : Initialized JPA EntityManagerFactory for persistence unit 'default'
2026-08-21 09:11:14.394  INFO --- [main] o.s.d.j.r.query.QueryEnhancerFactory     : Hibernate is in classpath; If applicable, HQL parser will be used.
2026-08-21 09:11:15.155  WARN --- [main] JpaBaseConfiguration$JpaWebConfiguration : spring.jpa.open-in-view is enabled by default. Therefore, database queries may be performed during view rendering. Explicitly configure spring.jpa.open-in-view to disable this warning
2026-08-21 09:11:15.174  INFO --- [main] r$InitializeUserDetailsManagerConfigurer : Global AuthenticationManager configured with UserDetailsService bean with name userDetailsService
2026-08-21 09:11:15.681  INFO --- [main] o.s.b.w.embedded.tomcat.TomcatWebServer  : Tomcat started on port 8081 (http) with context path '/'
2026-08-21 09:11:15.691  INFO --- [main] com.portfolio.keyra.KeyraApplication     : Started KeyraApplication in 5.468 seconds (process running for 6.049)
2026-08-21 09:11:16.170  INFO --- [http-nio-8081-exec-1] o.a.c.c.C.[Tomcat].[localhost].[/]       : Initializing Spring DispatcherServlet 'dispatcherServlet'
2026-08-21 09:11:16.170  INFO --- [http-nio-8081-exec-1] o.s.web.servlet.DispatcherServlet        : Initializing Servlet 'dispatcherServlet'
2026-08-21 09:11:16.171  INFO --- [http-nio-8081-exec-1] o.s.web.servlet.DispatcherServlet        : Completed initialization in 1 ms
2026-08-21 09:11:26.518  INFO --- [http-nio-8081-exec-6] c.p.keyra.service.TwoFactorService       : 2FA verification successful for user: vale
2026-08-21 09:11:42.504  INFO --- [http-nio-8081-exec-5] c.portfolio.keyra.service.UserService    : Disabling 2FA for user: vale
2026-08-21 09:11:42.506  INFO --- [http-nio-8081-exec-5] c.portfolio.keyra.service.UserService    : 2FA disabled successfully for user: vale
2026-08-21 09:16:15.566  WARN --- [http-nio-8081-exec-5] c.p.k.controller.CustomErrorController   : HTTP Error 404 occurred - URI: /settings/password, Message: No static resource settings/password.
2026-08-21 09:16:41.183  WARN --- [http-nio-8081-exec-6] c.p.k.controller.CustomErrorController   : HTTP Error 404 occurred - URI: /login/2fa, Message: No static resource login/2fa.
2026-08-21 09:16:53.298  INFO --- [SpringApplicationShutdownHook] o.s.b.w.e.tomcat.GracefulShutdown        : Commencing graceful shutdown. Waiting for active requests to complete
2026-08-21 09:16:53.304  INFO --- [tomcat-shutdown] o.s.b.w.e.tomcat.GracefulShutdown        : Graceful shutdown complete
2026-08-21 09:16:53.308  INFO --- [SpringApplicationShutdownHook] j.LocalContainerEntityManagerFactoryBean : Closing JPA EntityManagerFactory for persistence unit 'default'
2026-08-21 09:16:53.309  INFO --- [SpringApplicationShutdownHook] com.zaxxer.hikari.HikariDataSource       : HikariPool-1 - Shutdown initiated...
2026-08-21 09:16:53.312  INFO --- [SpringApplicationShutdownHook] com.zaxxer.hikari.HikariDataSource       : HikariPool-1 - Shutdown completed.
2026-08-21 09:16:57.635  INFO --- [main] com.portfolio.keyra.KeyraApplication     : Starting KeyraApplication using Java 21.0.10 with PID 20276 (C:\Users\valem\IdeaProjects\password_manager\target\classes started by valem in C:\Users\valem\IdeaProjects\password_manager)
2026-08-21 09:16:57.638  INFO --- [main] com.portfolio.keyra.KeyraApplication     : No active profile set, falling back to 1 default profile: "default"
2026-08-21 09:16:58.342  INFO --- [main] .s.d.r.c.RepositoryConfigurationDelegate : Bootstrapping Spring Data JPA repositories in DEFAULT mode.
2026-08-21 09:16:58.406  INFO --- [main] .s.d.r.c.RepositoryConfigurationDelegate : Finished Spring Data repository scanning in 55 ms. Found 3 JPA repository interfaces.
2026-08-21 09:16:59.486  INFO --- [main] o.s.b.w.embedded.tomcat.TomcatWebServer  : Tomcat initialized with port 8081 (http)
2026-08-21 09:16:59.500  INFO --- [main] o.apache.catalina.core.StandardService   : Starting service [Tomcat]
2026-08-21 09:16:59.500  INFO --- [main] o.apache.catalina.core.StandardEngine    : Starting Servlet engine: [Apache Tomcat/10.1.33]
2026-08-21 09:16:59.574  INFO --- [main] o.a.c.c.C.[Tomcat].[localhost].[/]       : Initializing Spring embedded WebApplicationContext
2026-08-21 09:16:59.575  INFO --- [main] w.s.c.ServletWebServerApplicationContext : Root WebApplicationContext: initialization completed in 1889 ms
2026-08-21 09:16:59.700  INFO --- [main] com.zaxxer.hikari.HikariDataSource       : HikariPool-1 - Starting...
2026-08-21 09:16:59.898  INFO --- [main] com.zaxxer.hikari.pool.HikariPool        : HikariPool-1 - Added connection org.postgresql.jdbc.PgConnection@496cc217
2026-08-21 09:16:59.901  INFO --- [main] com.zaxxer.hikari.HikariDataSource       : HikariPool-1 - Start completed.
2026-08-21 09:17:00.057  INFO --- [main] liquibase.database                       : Set default schema name to public
2026-08-21 09:17:00.475  INFO --- [main] liquibase.changelog                      : Reading from public.databasechangelog
2026-08-21 09:17:00.522  INFO --- [main] liquibase.ui                             : Database is up to date, no changesets to execute
2026-08-21 09:17:00.523  INFO --- [main] liquibase.changelog                      : Reading from public.databasechangelog
2026-08-21 09:17:00.529  INFO --- [main] liquibase.util                           : UPDATE SUMMARY
2026-08-21 09:17:00.529  INFO --- [main] liquibase.util                           : Run:                          0
2026-08-21 09:17:00.529  INFO --- [main] liquibase.util                           : Previously run:               3
2026-08-21 09:17:00.531  INFO --- [main] liquibase.util                           : Filtered out:                 0
2026-08-21 09:17:00.532  INFO --- [main] liquibase.util                           : -------------------------------
2026-08-21 09:17:00.532  INFO --- [main] liquibase.util                           : Total change sets:            3
2026-08-21 09:17:00.533  INFO --- [main] liquibase.util                           : Update summary generated
2026-08-21 09:17:00.534  INFO --- [main] liquibase.command                        : Command execution complete
2026-08-21 09:17:00.603  INFO --- [main] o.hibernate.jpa.internal.util.LogHelper  : HHH000204: Processing PersistenceUnitInfo [name: default]
2026-08-21 09:17:00.659  INFO --- [main] org.hibernate.Version                    : HHH000412: Hibernate ORM core version 6.6.2.Final
2026-08-21 09:17:00.691  INFO --- [main] o.h.c.internal.RegionFactoryInitiator    : HHH000026: Second-level cache disabled
2026-08-21 09:17:00.961  INFO --- [main] o.s.o.j.p.SpringPersistenceUnitInfo      : No LoadTimeWeaver setup: ignoring JPA class transformer
2026-08-21 09:17:01.005  WARN --- [main] org.hibernate.orm.deprecation            : HHH90000025: PostgreSQLDialect does not need to be specified explicitly using 'hibernate.dialect' (remove the property setting and it will be selected by default)
2026-08-21 09:17:01.021  INFO --- [main] org.hibernate.orm.connections.pooling    : HHH10001005: Database info:
	Database JDBC URL [Connecting through datasource 'HikariDataSource (HikariPool-1)']
	Database driver: undefined/unknown
	Database version: 18.3
	Autocommit mode: undefined/unknown
	Isolation level: undefined/unknown
	Minimum pool size: undefined/unknown
	Maximum pool size: undefined/unknown
2026-08-21 09:17:01.964  INFO --- [main] o.h.e.t.j.p.i.JtaPlatformInitiator       : HHH000489: No JTA platform available (set 'hibernate.transaction.jta.platform' to enable JTA platform integration)
2026-08-21 09:17:01.996  INFO --- [main] j.LocalContainerEntityManagerFactoryBean : Initialized JPA EntityManagerFactory for persistence unit 'default'
2026-08-21 09:17:02.637  INFO --- [main] o.s.d.j.r.query.QueryEnhancerFactory     : Hibernate is in classpath; If applicable, HQL parser will be used.
2026-08-21 09:17:03.467  WARN --- [main] JpaBaseConfiguration$JpaWebConfiguration : spring.jpa.open-in-view is enabled by default. Therefore, database queries may be performed during view rendering. Explicitly configure spring.jpa.open-in-view to disable this warning
2026-08-21 09:17:03.488  INFO --- [main] r$InitializeUserDetailsManagerConfigurer : Global AuthenticationManager configured with UserDetailsService bean with name userDetailsService
2026-08-21 09:17:03.997  INFO --- [main] o.s.b.w.embedded.tomcat.TomcatWebServer  : Tomcat started on port 8081 (http) with context path '/'
2026-08-21 09:17:04.006  INFO --- [main] com.portfolio.keyra.KeyraApplication     : Started KeyraApplication in 6.804 seconds (process running for 7.443)
2026-08-21 09:18:33.157  INFO --- [SpringApplicationShutdownHook] o.s.b.w.e.tomcat.GracefulShutdown        : Commencing graceful shutdown. Waiting for active requests to complete
2026-08-21 09:18:33.162  INFO --- [tomcat-shutdown] o.s.b.w.e.tomcat.GracefulShutdown        : Graceful shutdown complete
2026-08-21 09:18:33.165  INFO --- [SpringApplicationShutdownHook] j.LocalContainerEntityManagerFactoryBean : Closing JPA EntityManagerFactory for persistence unit 'default'
2026-08-21 09:18:33.167  INFO --- [SpringApplicationShutdownHook] com.zaxxer.hikari.HikariDataSource       : HikariPool-1 - Shutdown initiated...
2026-08-21 09:18:33.174  INFO --- [SpringApplicationShutdownHook] com.zaxxer.hikari.HikariDataSource       : HikariPool-1 - Shutdown completed.
2026-08-21 09:18:38.735  INFO --- [main] com.portfolio.keyra.KeyraApplication     : Starting KeyraApplication using Java 21.0.10 with PID 2592 (C:\Users\valem\IdeaProjects\password_manager\target\classes started by valem in C:\Users\valem\IdeaProjects\password_manager)
2026-08-21 09:18:38.737  INFO --- [main] com.portfolio.keyra.KeyraApplication     : No active profile set, falling back to 1 default profile: "default"
2026-08-21 09:18:39.701  INFO --- [main] .s.d.r.c.RepositoryConfigurationDelegate : Bootstrapping Spring Data JPA repositories in DEFAULT mode.
2026-08-21 09:18:39.769  INFO --- [main] .s.d.r.c.RepositoryConfigurationDelegate : Finished Spring Data repository scanning in 57 ms. Found 3 JPA repository interfaces.
2026-08-21 09:18:40.305  INFO --- [main] o.s.b.w.embedded.tomcat.TomcatWebServer  : Tomcat initialized with port 8081 (http)
2026-08-21 09:18:40.317  INFO --- [main] o.apache.catalina.core.StandardService   : Starting service [Tomcat]
2026-08-21 09:18:40.317  INFO --- [main] o.apache.catalina.core.StandardEngine    : Starting Servlet engine: [Apache Tomcat/10.1.33]
2026-08-21 09:18:40.380  INFO --- [main] o.a.c.c.C.[Tomcat].[localhost].[/]       : Initializing Spring embedded WebApplicationContext
2026-08-21 09:18:40.380  INFO --- [main] w.s.c.ServletWebServerApplicationContext : Root WebApplicationContext: initialization completed in 1594 ms
2026-08-21 09:18:40.491  INFO --- [main] com.zaxxer.hikari.HikariDataSource       : HikariPool-1 - Starting...
2026-08-21 09:18:40.659  INFO --- [main] com.zaxxer.hikari.pool.HikariPool        : HikariPool-1 - Added connection org.postgresql.jdbc.PgConnection@62cbc478
2026-08-21 09:18:40.660  INFO --- [main] com.zaxxer.hikari.HikariDataSource       : HikariPool-1 - Start completed.
2026-08-21 09:18:40.792  INFO --- [main] liquibase.database                       : Set default schema name to public
2026-08-21 09:18:41.221  INFO --- [main] liquibase.changelog                      : Reading from public.databasechangelog
2026-08-21 09:18:41.275  INFO --- [main] liquibase.ui                             : Database is up to date, no changesets to execute
2026-08-21 09:18:41.278  INFO --- [main] liquibase.changelog                      : Reading from public.databasechangelog
2026-08-21 09:18:41.287  INFO --- [main] liquibase.util                           : UPDATE SUMMARY
2026-08-21 09:18:41.287  INFO --- [main] liquibase.util                           : Run:                          0
2026-08-21 09:18:41.287  INFO --- [main] liquibase.util                           : Previously run:               3
2026-08-21 09:18:41.287  INFO --- [main] liquibase.util                           : Filtered out:                 0
2026-08-21 09:18:41.287  INFO --- [main] liquibase.util                           : -------------------------------
2026-08-21 09:18:41.287  INFO --- [main] liquibase.util                           : Total change sets:            3
2026-08-21 09:18:41.287  INFO --- [main] liquibase.util                           : Update summary generated
2026-08-21 09:18:41.288  INFO --- [main] liquibase.command                        : Command execution complete
2026-08-21 09:18:41.357  INFO --- [main] o.hibernate.jpa.internal.util.LogHelper  : HHH000204: Processing PersistenceUnitInfo [name: default]
2026-08-21 09:18:41.415  INFO --- [main] org.hibernate.Version                    : HHH000412: Hibernate ORM core version 6.6.2.Final
2026-08-21 09:18:41.450  INFO --- [main] o.h.c.internal.RegionFactoryInitiator    : HHH000026: Second-level cache disabled
2026-08-21 09:18:41.718  INFO --- [main] o.s.o.j.p.SpringPersistenceUnitInfo      : No LoadTimeWeaver setup: ignoring JPA class transformer
2026-08-21 09:18:41.767  WARN --- [main] org.hibernate.orm.deprecation            : HHH90000025: PostgreSQLDialect does not need to be specified explicitly using 'hibernate.dialect' (remove the property setting and it will be selected by default)
2026-08-21 09:18:41.782  INFO --- [main] org.hibernate.orm.connections.pooling    : HHH10001005: Database info:
	Database JDBC URL [Connecting through datasource 'HikariDataSource (HikariPool-1)']
	Database driver: undefined/unknown
	Database version: 18.3
	Autocommit mode: undefined/unknown
	Isolation level: undefined/unknown
	Minimum pool size: undefined/unknown
	Maximum pool size: undefined/unknown
2026-08-21 09:18:42.720  INFO --- [main] o.h.e.t.j.p.i.JtaPlatformInitiator       : HHH000489: No JTA platform available (set 'hibernate.transaction.jta.platform' to enable JTA platform integration)
2026-08-21 09:18:42.751  INFO --- [main] j.LocalContainerEntityManagerFactoryBean : Initialized JPA EntityManagerFactory for persistence unit 'default'
2026-08-21 09:18:42.998  INFO --- [main] o.s.d.j.r.query.QueryEnhancerFactory     : Hibernate is in classpath; If applicable, HQL parser will be used.
2026-08-21 09:18:43.765  WARN --- [main] JpaBaseConfiguration$JpaWebConfiguration : spring.jpa.open-in-view is enabled by default. Therefore, database queries may be performed during view rendering. Explicitly configure spring.jpa.open-in-view to disable this warning
2026-08-21 09:18:43.790  INFO --- [main] r$InitializeUserDetailsManagerConfigurer : Global AuthenticationManager configured with UserDetailsService bean with name userDetailsService
2026-08-21 09:18:44.324  INFO --- [main] o.s.b.w.embedded.tomcat.TomcatWebServer  : Tomcat started on port 8081 (http) with context path '/'
2026-08-21 09:18:44.333  INFO --- [main] com.portfolio.keyra.KeyraApplication     : Started KeyraApplication in 6.203 seconds (process running for 6.934)
2026-08-21 09:19:56.390  INFO --- [http-nio-8081-exec-1] o.a.c.c.C.[Tomcat].[localhost].[/]       : Initializing Spring DispatcherServlet 'dispatcherServlet'
2026-08-21 09:19:56.390  INFO --- [http-nio-8081-exec-1] o.s.web.servlet.DispatcherServlet        : Initializing Servlet 'dispatcherServlet'
2026-08-21 09:19:56.391  INFO --- [http-nio-8081-exec-1] o.s.web.servlet.DispatcherServlet        : Completed initialization in 1 ms
2026-08-21 09:19:58.585  INFO --- [http-nio-8081-exec-9] p.k.c.CustomAuthenticationSuccessHandler : Session ID: A2207AF5E76F9822189286AC61819FD2
2026-08-21 09:19:58.585  INFO --- [http-nio-8081-exec-9] p.k.c.CustomAuthenticationSuccessHandler : Session max inactive interval: 1800 seconds
2026-08-21 09:20:19.009  WARN --- [http-nio-8081-exec-8] c.p.k.controller.CustomErrorController   : HTTP Error 403 occurred - URI: /activity, Message: User: vale cannot view audit logs
2026-08-21 09:20:48.353  INFO --- [http-nio-8081-exec-8] c.portfolio.keyra.service.UserService    : 2FA enabled successfully for user: vale
2026-08-21 09:21:05.218  INFO --- [http-nio-8081-exec-10] c.p.keyra.service.TwoFactorService       : 2FA verification successful for user: vale
2026-08-21 09:21:43.039  INFO --- [http-nio-8081-exec-1] c.portfolio.keyra.service.UserService    : Disabling 2FA for user: vale
2026-08-21 09:21:43.039  INFO --- [http-nio-8081-exec-1] c.portfolio.keyra.service.UserService    : 2FA disabled successfully for user: vale
2026-08-21 09:21:45.502  WARN --- [http-nio-8081-exec-6] c.p.k.controller.CustomErrorController   : HTTP Error 403 occurred - URI: /activity, Message: User: vale cannot view audit logs
2026-08-21 09:26:27.832  INFO --- [SpringApplicationShutdownHook] o.s.b.w.e.tomcat.GracefulShutdown        : Commencing graceful shutdown. Waiting for active requests to complete
2026-08-21 09:26:27.837  INFO --- [tomcat-shutdown] o.s.b.w.e.tomcat.GracefulShutdown        : Graceful shutdown complete
2026-08-21 09:26:27.841  INFO --- [SpringApplicationShutdownHook] j.LocalContainerEntityManagerFactoryBean : Closing JPA EntityManagerFactory for persistence unit 'default'
2026-08-21 09:26:27.842  INFO --- [SpringApplicationShutdownHook] com.zaxxer.hikari.HikariDataSource       : HikariPool-1 - Shutdown initiated...
2026-08-21 09:26:27.844  INFO --- [SpringApplicationShutdownHook] com.zaxxer.hikari.HikariDataSource       : HikariPool-1 - Shutdown completed.
2026-08-21 09:26:30.910  INFO --- [main] com.portfolio.keyra.KeyraApplication     : Starting KeyraApplication using Java 21.0.10 with PID 8064 (C:\Users\valem\IdeaProjects\password_manager\target\classes started by valem in C:\Users\valem\IdeaProjects\password_manager)
2026-08-21 09:26:30.912  INFO --- [main] com.portfolio.keyra.KeyraApplication     : No active profile set, falling back to 1 default profile: "default"
2026-08-21 09:26:31.636  INFO --- [main] .s.d.r.c.RepositoryConfigurationDelegate : Bootstrapping Spring Data JPA repositories in DEFAULT mode.
2026-08-21 09:26:31.701  INFO --- [main] .s.d.r.c.RepositoryConfigurationDelegate : Finished Spring Data repository scanning in 56 ms. Found 3 JPA repository interfaces.
2026-08-21 09:26:32.239  INFO --- [main] o.s.b.w.embedded.tomcat.TomcatWebServer  : Tomcat initialized with port 8081 (http)
2026-08-21 09:26:32.252  INFO --- [main] o.apache.catalina.core.StandardService   : Starting service [Tomcat]
2026-08-21 09:26:32.252  INFO --- [main] o.apache.catalina.core.StandardEngine    : Starting Servlet engine: [Apache Tomcat/10.1.33]
2026-08-21 09:26:32.322  INFO --- [main] o.a.c.c.C.[Tomcat].[localhost].[/]       : Initializing Spring embedded WebApplicationContext
2026-08-21 09:26:32.323  INFO --- [main] w.s.c.ServletWebServerApplicationContext : Root WebApplicationContext: initialization completed in 1367 ms
2026-08-21 09:26:32.432  INFO --- [main] com.zaxxer.hikari.HikariDataSource       : HikariPool-1 - Starting...
2026-08-21 09:26:32.607  INFO --- [main] com.zaxxer.hikari.pool.HikariPool        : HikariPool-1 - Added connection org.postgresql.jdbc.PgConnection@5438fa43
2026-08-21 09:26:32.608  INFO --- [main] com.zaxxer.hikari.HikariDataSource       : HikariPool-1 - Start completed.
2026-08-21 09:26:32.736  INFO --- [main] liquibase.database                       : Set default schema name to public
2026-08-21 09:26:33.133  INFO --- [main] liquibase.changelog                      : Reading from public.databasechangelog
2026-08-21 09:26:33.174  INFO --- [main] liquibase.ui                             : Database is up to date, no changesets to execute
2026-08-21 09:26:33.176  INFO --- [main] liquibase.changelog                      : Reading from public.databasechangelog
2026-08-21 09:26:33.183  INFO --- [main] liquibase.util                           : UPDATE SUMMARY
2026-08-21 09:26:33.183  INFO --- [main] liquibase.util                           : Run:                          0
2026-08-21 09:26:33.183  INFO --- [main] liquibase.util                           : Previously run:               3
2026-08-21 09:26:33.184  INFO --- [main] liquibase.util                           : Filtered out:                 0
2026-08-21 09:26:33.184  INFO --- [main] liquibase.util                           : -------------------------------
2026-08-21 09:26:33.184  INFO --- [main] liquibase.util                           : Total change sets:            3
2026-08-21 09:26:33.185  INFO --- [main] liquibase.util                           : Update summary generated
2026-08-21 09:26:33.186  INFO --- [main] liquibase.command                        : Command execution complete
2026-08-21 09:26:33.264  INFO --- [main] o.hibernate.jpa.internal.util.LogHelper  : HHH000204: Processing PersistenceUnitInfo [name: default]
2026-08-21 09:26:33.326  INFO --- [main] org.hibernate.Version                    : HHH000412: Hibernate ORM core version 6.6.2.Final
2026-08-21 09:26:33.357  INFO --- [main] o.h.c.internal.RegionFactoryInitiator    : HHH000026: Second-level cache disabled
2026-08-21 09:26:33.619  INFO --- [main] o.s.o.j.p.SpringPersistenceUnitInfo      : No LoadTimeWeaver setup: ignoring JPA class transformer
2026-08-21 09:26:33.664  WARN --- [main] org.hibernate.orm.deprecation            : HHH90000025: PostgreSQLDialect does not need to be specified explicitly using 'hibernate.dialect' (remove the property setting and it will be selected by default)
2026-08-21 09:26:33.676  INFO --- [main] org.hibernate.orm.connections.pooling    : HHH10001005: Database info:
	Database JDBC URL [Connecting through datasource 'HikariDataSource (HikariPool-1)']
	Database driver: undefined/unknown
	Database version: 18.3
	Autocommit mode: undefined/unknown
	Isolation level: undefined/unknown
	Minimum pool size: undefined/unknown
	Maximum pool size: undefined/unknown
2026-08-21 09:26:34.557  INFO --- [main] o.h.e.t.j.p.i.JtaPlatformInitiator       : HHH000489: No JTA platform available (set 'hibernate.transaction.jta.platform' to enable JTA platform integration)
2026-08-21 09:26:34.585  INFO --- [main] j.LocalContainerEntityManagerFactoryBean : Initialized JPA EntityManagerFactory for persistence unit 'default'
2026-08-21 09:26:34.823  INFO --- [main] o.s.d.j.r.query.QueryEnhancerFactory     : Hibernate is in classpath; If applicable, HQL parser will be used.
2026-08-21 09:26:35.570  WARN --- [main] JpaBaseConfiguration$JpaWebConfiguration : spring.jpa.open-in-view is enabled by default. Therefore, database queries may be performed during view rendering. Explicitly configure spring.jpa.open-in-view to disable this warning
2026-08-21 09:26:35.590  INFO --- [main] r$InitializeUserDetailsManagerConfigurer : Global AuthenticationManager configured with UserDetailsService bean with name userDetailsService
2026-08-21 09:26:36.083  INFO --- [main] o.s.b.w.embedded.tomcat.TomcatWebServer  : Tomcat started on port 8081 (http) with context path '/'
2026-08-21 09:26:36.091  INFO --- [main] com.portfolio.keyra.KeyraApplication     : Started KeyraApplication in 5.611 seconds (process running for 6.888)
2026-08-21 09:26:37.702  INFO --- [http-nio-8081-exec-1] o.a.c.c.C.[Tomcat].[localhost].[/]       : Initializing Spring DispatcherServlet 'dispatcherServlet'
2026-08-21 09:26:37.702  INFO --- [http-nio-8081-exec-1] o.s.web.servlet.DispatcherServlet        : Initializing Servlet 'dispatcherServlet'
2026-08-21 09:26:37.703  INFO --- [http-nio-8081-exec-1] o.s.web.servlet.DispatcherServlet        : Completed initialization in 1 ms
2026-08-21 09:26:40.145  INFO --- [http-nio-8081-exec-7] p.k.c.CustomAuthenticationSuccessHandler : Session ID: 7E708123385812E6D87600063B3DE2F2
2026-08-21 09:26:40.145  INFO --- [http-nio-8081-exec-7] p.k.c.CustomAuthenticationSuccessHandler : Session max inactive interval: 1800 seconds
2026-08-21 09:26:43.708  INFO --- [http-nio-8081-exec-8] c.p.k.config.CustomLogoutSuccessHandler  : User logged out: vale
2026-08-21 09:26:53.211  INFO --- [http-nio-8081-exec-5] p.k.c.CustomAuthenticationSuccessHandler : Session ID: DDF1A46C4111001C146D47093987C536
2026-08-21 09:26:53.211  INFO --- [http-nio-8081-exec-5] p.k.c.CustomAuthenticationSuccessHandler : Session max inactive interval: 1800 seconds
2026-08-21 09:31:38.040  INFO --- [SpringApplicationShutdownHook] o.s.b.w.e.tomcat.GracefulShutdown        : Commencing graceful shutdown. Waiting for active requests to complete
2026-08-21 09:31:38.046  INFO --- [tomcat-shutdown] o.s.b.w.e.tomcat.GracefulShutdown        : Graceful shutdown complete
2026-08-21 09:31:38.050  INFO --- [SpringApplicationShutdownHook] j.LocalContainerEntityManagerFactoryBean : Closing JPA EntityManagerFactory for persistence unit 'default'
2026-08-21 09:31:38.052  INFO --- [SpringApplicationShutdownHook] com.zaxxer.hikari.HikariDataSource       : HikariPool-1 - Shutdown initiated...
2026-08-21 09:31:38.055  INFO --- [SpringApplicationShutdownHook] com.zaxxer.hikari.HikariDataSource       : HikariPool-1 - Shutdown completed.
2026-08-21 09:31:42.120  INFO --- [main] com.portfolio.keyra.KeyraApplication     : Starting KeyraApplication using Java 21.0.10 with PID 23252 (C:\Users\valem\IdeaProjects\password_manager\target\classes started by valem in C:\Users\valem\IdeaProjects\password_manager)
2026-08-21 09:31:42.122  INFO --- [main] com.portfolio.keyra.KeyraApplication     : No active profile set, falling back to 1 default profile: "default"
2026-08-21 09:31:42.861  INFO --- [main] .s.d.r.c.RepositoryConfigurationDelegate : Bootstrapping Spring Data JPA repositories in DEFAULT mode.
2026-08-21 09:31:42.920  INFO --- [main] .s.d.r.c.RepositoryConfigurationDelegate : Finished Spring Data repository scanning in 52 ms. Found 3 JPA repository interfaces.
2026-08-21 09:31:43.428  INFO --- [main] o.s.b.w.embedded.tomcat.TomcatWebServer  : Tomcat initialized with port 8081 (http)
2026-08-21 09:31:43.440  INFO --- [main] o.apache.catalina.core.StandardService   : Starting service [Tomcat]
2026-08-21 09:31:43.440  INFO --- [main] o.apache.catalina.core.StandardEngine    : Starting Servlet engine: [Apache Tomcat/10.1.33]
2026-08-21 09:31:43.502  INFO --- [main] o.a.c.c.C.[Tomcat].[localhost].[/]       : Initializing Spring embedded WebApplicationContext
2026-08-21 09:31:43.502  INFO --- [main] w.s.c.ServletWebServerApplicationContext : Root WebApplicationContext: initialization completed in 1329 ms
2026-08-21 09:31:43.607  INFO --- [main] com.zaxxer.hikari.HikariDataSource       : HikariPool-1 - Starting...
2026-08-21 09:31:43.787  INFO --- [main] com.zaxxer.hikari.pool.HikariPool        : HikariPool-1 - Added connection org.postgresql.jdbc.PgConnection@5fef0c19
2026-08-21 09:31:43.789  INFO --- [main] com.zaxxer.hikari.HikariDataSource       : HikariPool-1 - Start completed.
2026-08-21 09:31:43.954  INFO --- [main] liquibase.database                       : Set default schema name to public
2026-08-21 09:31:44.367  INFO --- [main] liquibase.changelog                      : Reading from public.databasechangelog
2026-08-21 09:31:44.410  INFO --- [main] liquibase.ui                             : Database is up to date, no changesets to execute
2026-08-21 09:31:44.413  INFO --- [main] liquibase.changelog                      : Reading from public.databasechangelog
2026-08-21 09:31:44.421  INFO --- [main] liquibase.util                           : UPDATE SUMMARY
2026-08-21 09:31:44.421  INFO --- [main] liquibase.util                           : Run:                          0
2026-08-21 09:31:44.421  INFO --- [main] liquibase.util                           : Previously run:               3
2026-08-21 09:31:44.421  INFO --- [main] liquibase.util                           : Filtered out:                 0
2026-08-21 09:31:44.421  INFO --- [main] liquibase.util                           : -------------------------------
2026-08-21 09:31:44.421  INFO --- [main] liquibase.util                           : Total change sets:            3
2026-08-21 09:31:44.422  INFO --- [main] liquibase.util                           : Update summary generated
2026-08-21 09:31:44.423  INFO --- [main] liquibase.command                        : Command execution complete
2026-08-21 09:31:44.500  INFO --- [main] o.hibernate.jpa.internal.util.LogHelper  : HHH000204: Processing PersistenceUnitInfo [name: default]
2026-08-21 09:31:44.563  INFO --- [main] org.hibernate.Version                    : HHH000412: Hibernate ORM core version 6.6.2.Final
2026-08-21 09:31:44.602  INFO --- [main] o.h.c.internal.RegionFactoryInitiator    : HHH000026: Second-level cache disabled
2026-08-21 09:31:44.879  INFO --- [main] o.s.o.j.p.SpringPersistenceUnitInfo      : No LoadTimeWeaver setup: ignoring JPA class transformer
2026-08-21 09:31:44.923  WARN --- [main] org.hibernate.orm.deprecation            : HHH90000025: PostgreSQLDialect does not need to be specified explicitly using 'hibernate.dialect' (remove the property setting and it will be selected by default)
2026-08-21 09:31:44.936  INFO --- [main] org.hibernate.orm.connections.pooling    : HHH10001005: Database info:
	Database JDBC URL [Connecting through datasource 'HikariDataSource (HikariPool-1)']
	Database driver: undefined/unknown
	Database version: 18.3
	Autocommit mode: undefined/unknown
	Isolation level: undefined/unknown
	Minimum pool size: undefined/unknown
	Maximum pool size: undefined/unknown
2026-08-21 09:31:45.845  INFO --- [main] o.h.e.t.j.p.i.JtaPlatformInitiator       : HHH000489: No JTA platform available (set 'hibernate.transaction.jta.platform' to enable JTA platform integration)
2026-08-21 09:31:45.875  INFO --- [main] j.LocalContainerEntityManagerFactoryBean : Initialized JPA EntityManagerFactory for persistence unit 'default'
2026-08-21 09:31:46.114  INFO --- [main] o.s.d.j.r.query.QueryEnhancerFactory     : Hibernate is in classpath; If applicable, HQL parser will be used.
2026-08-21 09:31:46.888  WARN --- [main] JpaBaseConfiguration$JpaWebConfiguration : spring.jpa.open-in-view is enabled by default. Therefore, database queries may be performed during view rendering. Explicitly configure spring.jpa.open-in-view to disable this warning
2026-08-21 09:31:46.908  INFO --- [main] r$InitializeUserDetailsManagerConfigurer : Global AuthenticationManager configured with UserDetailsService bean with name userDetailsService
2026-08-21 09:31:47.418  INFO --- [main] o.s.b.w.embedded.tomcat.TomcatWebServer  : Tomcat started on port 8081 (http) with context path '/'
2026-08-21 09:31:47.428  INFO --- [main] com.portfolio.keyra.KeyraApplication     : Started KeyraApplication in 5.788 seconds (process running for 6.552)
2026-08-21 09:31:54.042  INFO --- [http-nio-8081-exec-1] o.a.c.c.C.[Tomcat].[localhost].[/]       : Initializing Spring DispatcherServlet 'dispatcherServlet'
2026-08-21 09:31:54.042  INFO --- [http-nio-8081-exec-1] o.s.web.servlet.DispatcherServlet        : Initializing Servlet 'dispatcherServlet'
2026-08-21 09:31:54.043  INFO --- [http-nio-8081-exec-1] o.s.web.servlet.DispatcherServlet        : Completed initialization in 1 ms
2026-08-21 09:31:54.102  WARN --- [http-nio-8081-exec-1] c.p.k.controller.CustomErrorController   : HTTP Error 403 occurred - URI: /api/session/check, Message: Forbidden
2026-08-21 09:31:57.868  INFO --- [http-nio-8081-exec-9] p.k.c.CustomAuthenticationSuccessHandler : Session ID: 91DC4294436B6C44E8F142B52ADB37C2
2026-08-21 09:31:57.868  INFO --- [http-nio-8081-exec-9] p.k.c.CustomAuthenticationSuccessHandler : Session max inactive interval: 1800 seconds
2026-08-21 09:32:04.617  INFO --- [SpringApplicationShutdownHook] o.s.b.w.e.tomcat.GracefulShutdown        : Commencing graceful shutdown. Waiting for active requests to complete
2026-08-21 09:32:04.623  INFO --- [tomcat-shutdown] o.s.b.w.e.tomcat.GracefulShutdown        : Graceful shutdown complete
2026-08-21 09:32:04.627  INFO --- [SpringApplicationShutdownHook] j.LocalContainerEntityManagerFactoryBean : Closing JPA EntityManagerFactory for persistence unit 'default'
2026-08-21 09:32:04.629  INFO --- [SpringApplicationShutdownHook] com.zaxxer.hikari.HikariDataSource       : HikariPool-1 - Shutdown initiated...
2026-08-21 09:32:04.631  INFO --- [SpringApplicationShutdownHook] com.zaxxer.hikari.HikariDataSource       : HikariPool-1 - Shutdown completed.
2026-08-21 09:32:07.848  INFO --- [main] com.portfolio.keyra.KeyraApplication     : Starting KeyraApplication using Java 21.0.10 with PID 33372 (C:\Users\valem\IdeaProjects\password_manager\target\classes started by valem in C:\Users\valem\IdeaProjects\password_manager)
2026-08-21 09:32:07.851  INFO --- [main] com.portfolio.keyra.KeyraApplication     : No active profile set, falling back to 1 default profile: "default"
2026-08-21 09:32:08.938  INFO --- [main] .s.d.r.c.RepositoryConfigurationDelegate : Bootstrapping Spring Data JPA repositories in DEFAULT mode.
2026-08-21 09:32:09.003  INFO --- [main] .s.d.r.c.RepositoryConfigurationDelegate : Finished Spring Data repository scanning in 57 ms. Found 3 JPA repository interfaces.
2026-08-21 09:32:09.530  INFO --- [main] o.s.b.w.embedded.tomcat.TomcatWebServer  : Tomcat initialized with port 8081 (http)
2026-08-21 09:32:09.543  INFO --- [main] o.apache.catalina.core.StandardService   : Starting service [Tomcat]
2026-08-21 09:32:09.543  INFO --- [main] o.apache.catalina.core.StandardEngine    : Starting Servlet engine: [Apache Tomcat/10.1.33]
2026-08-21 09:32:09.613  INFO --- [main] o.a.c.c.C.[Tomcat].[localhost].[/]       : Initializing Spring embedded WebApplicationContext
2026-08-21 09:32:09.613  INFO --- [main] w.s.c.ServletWebServerApplicationContext : Root WebApplicationContext: initialization completed in 1713 ms
2026-08-21 09:32:09.712  INFO --- [main] com.zaxxer.hikari.HikariDataSource       : HikariPool-1 - Starting...
2026-08-21 09:32:09.904  INFO --- [main] com.zaxxer.hikari.pool.HikariPool        : HikariPool-1 - Added connection org.postgresql.jdbc.PgConnection@34a20f16
2026-08-21 09:32:09.907  INFO --- [main] com.zaxxer.hikari.HikariDataSource       : HikariPool-1 - Start completed.
2026-08-21 09:32:10.044  INFO --- [main] liquibase.database                       : Set default schema name to public
2026-08-21 09:32:10.469  INFO --- [main] liquibase.changelog                      : Reading from public.databasechangelog
2026-08-21 09:32:10.517  INFO --- [main] liquibase.ui                             : Database is up to date, no changesets to execute
2026-08-21 09:32:10.519  INFO --- [main] liquibase.changelog                      : Reading from public.databasechangelog
2026-08-21 09:32:10.527  INFO --- [main] liquibase.util                           : UPDATE SUMMARY
2026-08-21 09:32:10.527  INFO --- [main] liquibase.util                           : Run:                          0
2026-08-21 09:32:10.527  INFO --- [main] liquibase.util                           : Previously run:               3
2026-08-21 09:32:10.527  INFO --- [main] liquibase.util                           : Filtered out:                 0
2026-08-21 09:32:10.527  INFO --- [main] liquibase.util                           : -------------------------------
2026-08-21 09:32:10.527  INFO --- [main] liquibase.util                           : Total change sets:            3
2026-08-21 09:32:10.528  INFO --- [main] liquibase.util                           : Update summary generated
2026-08-21 09:32:10.529  INFO --- [main] liquibase.command                        : Command execution complete
2026-08-21 09:32:10.605  INFO --- [main] o.hibernate.jpa.internal.util.LogHelper  : HHH000204: Processing PersistenceUnitInfo [name: default]
2026-08-21 09:32:10.664  INFO --- [main] org.hibernate.Version                    : HHH000412: Hibernate ORM core version 6.6.2.Final
2026-08-21 09:32:10.698  INFO --- [main] o.h.c.internal.RegionFactoryInitiator    : HHH000026: Second-level cache disabled
2026-08-21 09:32:10.980  INFO --- [main] o.s.o.j.p.SpringPersistenceUnitInfo      : No LoadTimeWeaver setup: ignoring JPA class transformer
2026-08-21 09:32:11.034  WARN --- [main] org.hibernate.orm.deprecation            : HHH90000025: PostgreSQLDialect does not need to be specified explicitly using 'hibernate.dialect' (remove the property setting and it will be selected by default)
2026-08-21 09:32:11.047  INFO --- [main] org.hibernate.orm.connections.pooling    : HHH10001005: Database info:
	Database JDBC URL [Connecting through datasource 'HikariDataSource (HikariPool-1)']
	Database driver: undefined/unknown
	Database version: 18.3
	Autocommit mode: undefined/unknown
	Isolation level: undefined/unknown
	Minimum pool size: undefined/unknown
	Maximum pool size: undefined/unknown
2026-08-21 09:32:12.067  INFO --- [main] o.h.e.t.j.p.i.JtaPlatformInitiator       : HHH000489: No JTA platform available (set 'hibernate.transaction.jta.platform' to enable JTA platform integration)
2026-08-21 09:32:12.099  INFO --- [main] j.LocalContainerEntityManagerFactoryBean : Initialized JPA EntityManagerFactory for persistence unit 'default'
2026-08-21 09:32:12.348  INFO --- [main] o.s.d.j.r.query.QueryEnhancerFactory     : Hibernate is in classpath; If applicable, HQL parser will be used.
2026-08-21 09:32:13.212  WARN --- [main] JpaBaseConfiguration$JpaWebConfiguration : spring.jpa.open-in-view is enabled by default. Therefore, database queries may be performed during view rendering. Explicitly configure spring.jpa.open-in-view to disable this warning
2026-08-21 09:32:13.240  INFO --- [main] r$InitializeUserDetailsManagerConfigurer : Global AuthenticationManager configured with UserDetailsService bean with name userDetailsService
2026-08-21 09:32:13.794  INFO --- [main] o.s.b.w.embedded.tomcat.TomcatWebServer  : Tomcat started on port 8081 (http) with context path '/'
2026-08-21 09:32:13.803  INFO --- [main] com.portfolio.keyra.KeyraApplication     : Started KeyraApplication in 6.449 seconds (process running for 7.222)
2026-08-21 09:32:28.473  INFO --- [http-nio-8081-exec-1] o.a.c.c.C.[Tomcat].[localhost].[/]       : Initializing Spring DispatcherServlet 'dispatcherServlet'
2026-08-21 09:32:28.474  INFO --- [http-nio-8081-exec-1] o.s.web.servlet.DispatcherServlet        : Initializing Servlet 'dispatcherServlet'
2026-08-21 09:32:28.474  INFO --- [http-nio-8081-exec-1] o.s.web.servlet.DispatcherServlet        : Completed initialization in 0 ms
2026-08-21 09:32:28.523  WARN --- [http-nio-8081-exec-1] c.p.k.controller.CustomErrorController   : HTTP Error 403 occurred - URI: /api/session/check, Message: Forbidden
2026-08-21 09:32:30.768  WARN --- [http-nio-8081-exec-2] c.p.k.controller.CustomErrorController   : HTTP Error 403 occurred - URI: /logout, Message: Forbidden
2026-08-21 09:33:43.820  INFO --- [SpringApplicationShutdownHook] o.s.b.w.e.tomcat.GracefulShutdown        : Commencing graceful shutdown. Waiting for active requests to complete
2026-08-21 09:33:43.825  INFO --- [tomcat-shutdown] o.s.b.w.e.tomcat.GracefulShutdown        : Graceful shutdown complete
2026-08-21 09:33:43.829  INFO --- [SpringApplicationShutdownHook] j.LocalContainerEntityManagerFactoryBean : Closing JPA EntityManagerFactory for persistence unit 'default'
2026-08-21 09:33:43.830  INFO --- [SpringApplicationShutdownHook] com.zaxxer.hikari.HikariDataSource       : HikariPool-1 - Shutdown initiated...
2026-08-21 09:33:43.832  INFO --- [SpringApplicationShutdownHook] com.zaxxer.hikari.HikariDataSource       : HikariPool-1 - Shutdown completed.
2026-08-21 09:33:49.187  INFO --- [main] com.portfolio.keyra.KeyraApplication     : Starting KeyraApplication using Java 21.0.10 with PID 5688 (C:\Users\valem\IdeaProjects\password_manager\target\classes started by valem in C:\Users\valem\IdeaProjects\password_manager)
2026-08-21 09:33:49.190  INFO --- [main] com.portfolio.keyra.KeyraApplication     : No active profile set, falling back to 1 default profile: "default"
2026-08-21 09:33:49.926  INFO --- [main] .s.d.r.c.RepositoryConfigurationDelegate : Bootstrapping Spring Data JPA repositories in DEFAULT mode.
2026-08-21 09:33:49.989  INFO --- [main] .s.d.r.c.RepositoryConfigurationDelegate : Finished Spring Data repository scanning in 54 ms. Found 3 JPA repository interfaces.
2026-08-21 09:33:50.505  INFO --- [main] o.s.b.w.embedded.tomcat.TomcatWebServer  : Tomcat initialized with port 8081 (http)
2026-08-21 09:33:50.516  INFO --- [main] o.apache.catalina.core.StandardService   : Starting service [Tomcat]
2026-08-21 09:33:50.516  INFO --- [main] o.apache.catalina.core.StandardEngine    : Starting Servlet engine: [Apache Tomcat/10.1.33]
2026-08-21 09:33:50.579  INFO --- [main] o.a.c.c.C.[Tomcat].[localhost].[/]       : Initializing Spring embedded WebApplicationContext
2026-08-21 09:33:50.579  INFO --- [main] w.s.c.ServletWebServerApplicationContext : Root WebApplicationContext: initialization completed in 1342 ms
2026-08-21 09:33:50.685  INFO --- [main] com.zaxxer.hikari.HikariDataSource       : HikariPool-1 - Starting...
2026-08-21 09:33:50.865  INFO --- [main] com.zaxxer.hikari.pool.HikariPool        : HikariPool-1 - Added connection org.postgresql.jdbc.PgConnection@5438fa43
2026-08-21 09:33:50.867  INFO --- [main] com.zaxxer.hikari.HikariDataSource       : HikariPool-1 - Start completed.
2026-08-21 09:33:51.010  INFO --- [main] liquibase.database                       : Set default schema name to public
2026-08-21 09:33:51.490  INFO --- [main] liquibase.changelog                      : Reading from public.databasechangelog
2026-08-21 09:33:51.542  INFO --- [main] liquibase.ui                             : Database is up to date, no changesets to execute
2026-08-21 09:33:51.543  INFO --- [main] liquibase.changelog                      : Reading from public.databasechangelog
2026-08-21 09:33:51.551  INFO --- [main] liquibase.util                           : UPDATE SUMMARY
2026-08-21 09:33:51.551  INFO --- [main] liquibase.util                           : Run:                          0
2026-08-21 09:33:51.551  INFO --- [main] liquibase.util                           : Previously run:               3
2026-08-21 09:33:51.552  INFO --- [main] liquibase.util                           : Filtered out:                 0
2026-08-21 09:33:51.552  INFO --- [main] liquibase.util                           : -------------------------------
2026-08-21 09:33:51.552  INFO --- [main] liquibase.util                           : Total change sets:            3
2026-08-21 09:33:51.552  INFO --- [main] liquibase.util                           : Update summary generated
2026-08-21 09:33:51.553  INFO --- [main] liquibase.command                        : Command execution complete
2026-08-21 09:33:51.637  INFO --- [main] o.hibernate.jpa.internal.util.LogHelper  : HHH000204: Processing PersistenceUnitInfo [name: default]
2026-08-21 09:33:51.699  INFO --- [main] org.hibernate.Version                    : HHH000412: Hibernate ORM core version 6.6.2.Final
2026-08-21 09:33:51.737  INFO --- [main] o.h.c.internal.RegionFactoryInitiator    : HHH000026: Second-level cache disabled
2026-08-21 09:33:52.134  INFO --- [main] o.s.o.j.p.SpringPersistenceUnitInfo      : No LoadTimeWeaver setup: ignoring JPA class transformer
2026-08-21 09:33:52.186  WARN --- [main] org.hibernate.orm.deprecation            : HHH90000025: PostgreSQLDialect does not need to be specified explicitly using 'hibernate.dialect' (remove the property setting and it will be selected by default)
2026-08-21 09:33:52.202  INFO --- [main] org.hibernate.orm.connections.pooling    : HHH10001005: Database info:
	Database JDBC URL [Connecting through datasource 'HikariDataSource (HikariPool-1)']
	Database driver: undefined/unknown
	Database version: 18.3
	Autocommit mode: undefined/unknown
	Isolation level: undefined/unknown
	Minimum pool size: undefined/unknown
	Maximum pool size: undefined/unknown
2026-08-21 09:33:53.142  INFO --- [main] o.h.e.t.j.p.i.JtaPlatformInitiator       : HHH000489: No JTA platform available (set 'hibernate.transaction.jta.platform' to enable JTA platform integration)
2026-08-21 09:33:53.172  INFO --- [main] j.LocalContainerEntityManagerFactoryBean : Initialized JPA EntityManagerFactory for persistence unit 'default'
2026-08-21 09:33:53.418  INFO --- [main] o.s.d.j.r.query.QueryEnhancerFactory     : Hibernate is in classpath; If applicable, HQL parser will be used.
2026-08-21 09:33:54.176  WARN --- [main] JpaBaseConfiguration$JpaWebConfiguration : spring.jpa.open-in-view is enabled by default. Therefore, database queries may be performed during view rendering. Explicitly configure spring.jpa.open-in-view to disable this warning
2026-08-21 09:33:54.196  INFO --- [main] r$InitializeUserDetailsManagerConfigurer : Global AuthenticationManager configured with UserDetailsService bean with name userDetailsService
2026-08-21 09:33:54.710  INFO --- [main] o.s.b.w.embedded.tomcat.TomcatWebServer  : Tomcat started on port 8081 (http) with context path '/'
2026-08-21 09:33:54.720  INFO --- [main] com.portfolio.keyra.KeyraApplication     : Started KeyraApplication in 5.977 seconds (process running for 6.665)
2026-08-21 09:33:58.316  INFO --- [http-nio-8081-exec-1] o.a.c.c.C.[Tomcat].[localhost].[/]       : Initializing Spring DispatcherServlet 'dispatcherServlet'
2026-08-21 09:33:58.316  INFO --- [http-nio-8081-exec-1] o.s.web.servlet.DispatcherServlet        : Initializing Servlet 'dispatcherServlet'
2026-08-21 09:33:58.317  INFO --- [http-nio-8081-exec-1] o.s.web.servlet.DispatcherServlet        : Completed initialization in 1 ms
2026-08-21 09:33:58.835  INFO --- [http-nio-8081-exec-3] p.k.c.CustomAuthenticationSuccessHandler : Session ID: 514123941B8496BDF0DFE18FA60B182C
2026-08-21 09:33:58.835  INFO --- [http-nio-8081-exec-3] p.k.c.CustomAuthenticationSuccessHandler : Session max inactive interval: 1800 seconds
2026-08-21 09:34:53.409  INFO --- [SpringApplicationShutdownHook] o.s.b.w.e.tomcat.GracefulShutdown        : Commencing graceful shutdown. Waiting for active requests to complete
2026-08-21 09:34:53.415  INFO --- [tomcat-shutdown] o.s.b.w.e.tomcat.GracefulShutdown        : Graceful shutdown complete
2026-08-21 09:34:53.420  INFO --- [SpringApplicationShutdownHook] j.LocalContainerEntityManagerFactoryBean : Closing JPA EntityManagerFactory for persistence unit 'default'
2026-08-21 09:34:53.421  INFO --- [SpringApplicationShutdownHook] com.zaxxer.hikari.HikariDataSource       : HikariPool-1 - Shutdown initiated...
2026-08-21 09:34:53.424  INFO --- [SpringApplicationShutdownHook] com.zaxxer.hikari.HikariDataSource       : HikariPool-1 - Shutdown completed.
2026-08-21 09:34:58.538  INFO --- [main] com.portfolio.keyra.KeyraApplication     : Starting KeyraApplication using Java 21.0.10 with PID 18496 (C:\Users\valem\IdeaProjects\password_manager\target\classes started by valem in C:\Users\valem\IdeaProjects\password_manager)
2026-08-21 09:34:58.539  INFO --- [main] com.portfolio.keyra.KeyraApplication     : No active profile set, falling back to 1 default profile: "default"
2026-08-21 09:34:59.254  INFO --- [main] .s.d.r.c.RepositoryConfigurationDelegate : Bootstrapping Spring Data JPA repositories in DEFAULT mode.
2026-08-21 09:34:59.316  INFO --- [main] .s.d.r.c.RepositoryConfigurationDelegate : Finished Spring Data repository scanning in 54 ms. Found 3 JPA repository interfaces.
2026-08-21 09:35:00.005  INFO --- [main] o.s.b.w.embedded.tomcat.TomcatWebServer  : Tomcat initialized with port 8081 (http)
2026-08-21 09:35:00.023  INFO --- [main] o.apache.catalina.core.StandardService   : Starting service [Tomcat]
2026-08-21 09:35:00.023  INFO --- [main] o.apache.catalina.core.StandardEngine    : Starting Servlet engine: [Apache Tomcat/10.1.33]
2026-08-21 09:35:00.143  INFO --- [main] o.a.c.c.C.[Tomcat].[localhost].[/]       : Initializing Spring embedded WebApplicationContext
2026-08-21 09:35:00.143  INFO --- [main] w.s.c.ServletWebServerApplicationContext : Root WebApplicationContext: initialization completed in 1561 ms
2026-08-21 09:35:00.288  INFO --- [main] com.zaxxer.hikari.HikariDataSource       : HikariPool-1 - Starting...
2026-08-21 09:35:00.476  INFO --- [main] com.zaxxer.hikari.pool.HikariPool        : HikariPool-1 - Added connection org.postgresql.jdbc.PgConnection@496cc217
2026-08-21 09:35:00.477  INFO --- [main] com.zaxxer.hikari.HikariDataSource       : HikariPool-1 - Start completed.
2026-08-21 09:35:00.616  INFO --- [main] liquibase.database                       : Set default schema name to public
2026-08-21 09:35:01.020  INFO --- [main] liquibase.changelog                      : Reading from public.databasechangelog
2026-08-21 09:35:01.067  INFO --- [main] liquibase.ui                             : Database is up to date, no changesets to execute
2026-08-21 09:35:01.068  INFO --- [main] liquibase.changelog                      : Reading from public.databasechangelog
2026-08-21 09:35:01.076  INFO --- [main] liquibase.util                           : UPDATE SUMMARY
2026-08-21 09:35:01.076  INFO --- [main] liquibase.util                           : Run:                          0
2026-08-21 09:35:01.076  INFO --- [main] liquibase.util                           : Previously run:               3
2026-08-21 09:35:01.076  INFO --- [main] liquibase.util                           : Filtered out:                 0
2026-08-21 09:35:01.077  INFO --- [main] liquibase.util                           : -------------------------------
2026-08-21 09:35:01.077  INFO --- [main] liquibase.util                           : Total change sets:            3
2026-08-21 09:35:01.077  INFO --- [main] liquibase.util                           : Update summary generated
2026-08-21 09:35:01.079  INFO --- [main] liquibase.command                        : Command execution complete
2026-08-21 09:35:01.149  INFO --- [main] o.hibernate.jpa.internal.util.LogHelper  : HHH000204: Processing PersistenceUnitInfo [name: default]
2026-08-21 09:35:01.212  INFO --- [main] org.hibernate.Version                    : HHH000412: Hibernate ORM core version 6.6.2.Final
2026-08-21 09:35:01.271  INFO --- [main] o.h.c.internal.RegionFactoryInitiator    : HHH000026: Second-level cache disabled
2026-08-21 09:35:01.562  INFO --- [main] o.s.o.j.p.SpringPersistenceUnitInfo      : No LoadTimeWeaver setup: ignoring JPA class transformer
2026-08-21 09:35:01.609  WARN --- [main] org.hibernate.orm.deprecation            : HHH90000025: PostgreSQLDialect does not need to be specified explicitly using 'hibernate.dialect' (remove the property setting and it will be selected by default)
2026-08-21 09:35:01.622  INFO --- [main] org.hibernate.orm.connections.pooling    : HHH10001005: Database info:
	Database JDBC URL [Connecting through datasource 'HikariDataSource (HikariPool-1)']
	Database driver: undefined/unknown
	Database version: 18.3
	Autocommit mode: undefined/unknown
	Isolation level: undefined/unknown
	Minimum pool size: undefined/unknown
	Maximum pool size: undefined/unknown
2026-08-21 09:35:02.606  INFO --- [main] o.h.e.t.j.p.i.JtaPlatformInitiator       : HHH000489: No JTA platform available (set 'hibernate.transaction.jta.platform' to enable JTA platform integration)
2026-08-21 09:35:02.637  INFO --- [main] j.LocalContainerEntityManagerFactoryBean : Initialized JPA EntityManagerFactory for persistence unit 'default'
2026-08-21 09:35:02.901  INFO --- [main] o.s.d.j.r.query.QueryEnhancerFactory     : Hibernate is in classpath; If applicable, HQL parser will be used.
2026-08-21 09:35:03.712  WARN --- [main] JpaBaseConfiguration$JpaWebConfiguration : spring.jpa.open-in-view is enabled by default. Therefore, database queries may be performed during view rendering. Explicitly configure spring.jpa.open-in-view to disable this warning
2026-08-21 09:35:03.732  INFO --- [main] r$InitializeUserDetailsManagerConfigurer : Global AuthenticationManager configured with UserDetailsService bean with name userDetailsService
2026-08-21 09:35:04.246  INFO --- [main] o.s.b.w.embedded.tomcat.TomcatWebServer  : Tomcat started on port 8081 (http) with context path '/'
2026-08-21 09:35:04.255  INFO --- [main] com.portfolio.keyra.KeyraApplication     : Started KeyraApplication in 6.149 seconds (process running for 6.832)
2026-08-21 09:35:29.624  INFO --- [http-nio-8081-exec-1] o.a.c.c.C.[Tomcat].[localhost].[/]       : Initializing Spring DispatcherServlet 'dispatcherServlet'
2026-08-21 09:35:29.624  INFO --- [http-nio-8081-exec-1] o.s.web.servlet.DispatcherServlet        : Initializing Servlet 'dispatcherServlet'
2026-08-21 09:35:29.625  INFO --- [http-nio-8081-exec-1] o.s.web.servlet.DispatcherServlet        : Completed initialization in 1 ms
2026-08-21 09:35:29.675  WARN --- [http-nio-8081-exec-1] c.p.k.controller.CustomErrorController   : HTTP Error 403 occurred - URI: /api/session/check, Message: Forbidden
2026-08-21 09:35:31.910  WARN --- [http-nio-8081-exec-2] c.p.k.controller.CustomErrorController   : HTTP Error 403 occurred - URI: /logout, Message: Forbidden
2026-08-21 09:36:59.394  INFO --- [http-nio-8081-exec-10] p.k.c.CustomAuthenticationSuccessHandler : Session ID: 425E7E93B2FEAB28A201CE6468C9FBF7
2026-08-21 09:36:59.394  INFO --- [http-nio-8081-exec-10] p.k.c.CustomAuthenticationSuccessHandler : Session max inactive interval: 1800 seconds
2026-08-21 09:59:59.924  INFO --- [scheduling-1] c.portfolio.keyra.config.ScheduledTasks  : Starting scheduled rate limit cache cleanup
2026-08-21 09:59:59.924  INFO --- [scheduling-1] c.p.keyra.service.RateLimitService       : Clearing rate limit cache - 0 entries
2026-08-21 09:59:59.924  INFO --- [scheduling-1] c.portfolio.keyra.config.ScheduledTasks  : Rate limit cache cleared - removed 0 entries
2026-08-21 10:07:02.130  INFO --- [http-nio-8081-exec-9] c.p.k.config.CustomLogoutSuccessHandler  : User logged out: admin-test
2026-08-21 10:07:12.001  INFO --- [SpringApplicationShutdownHook] o.s.b.w.e.tomcat.GracefulShutdown        : Commencing graceful shutdown. Waiting for active requests to complete
2026-08-21 10:07:12.006  INFO --- [tomcat-shutdown] o.s.b.w.e.tomcat.GracefulShutdown        : Graceful shutdown complete
2026-08-21 10:07:12.010  INFO --- [SpringApplicationShutdownHook] j.LocalContainerEntityManagerFactoryBean : Closing JPA EntityManagerFactory for persistence unit 'default'
2026-08-21 10:07:12.012  INFO --- [SpringApplicationShutdownHook] com.zaxxer.hikari.HikariDataSource       : HikariPool-1 - Shutdown initiated...
2026-08-21 10:07:12.015  INFO --- [SpringApplicationShutdownHook] com.zaxxer.hikari.HikariDataSource       : HikariPool-1 - Shutdown completed.
2026-08-21 10:07:17.293  INFO --- [main] com.portfolio.keyra.KeyraApplication     : Starting KeyraApplication using Java 21.0.10 with PID 13652 (C:\Users\valem\IdeaProjects\password_manager\target\classes started by valem in C:\Users\valem\IdeaProjects\password_manager)
2026-08-21 10:07:17.295  INFO --- [main] com.portfolio.keyra.KeyraApplication     : No active profile set, falling back to 1 default profile: "default"
2026-08-21 10:07:17.968  INFO --- [main] .s.d.r.c.RepositoryConfigurationDelegate : Bootstrapping Spring Data JPA repositories in DEFAULT mode.
2026-08-21 10:07:18.027  INFO --- [main] .s.d.r.c.RepositoryConfigurationDelegate : Finished Spring Data repository scanning in 51 ms. Found 3 JPA repository interfaces.
2026-08-21 10:07:18.547  INFO --- [main] o.s.b.w.embedded.tomcat.TomcatWebServer  : Tomcat initialized with port 8081 (http)
2026-08-21 10:07:18.560  INFO --- [main] o.apache.catalina.core.StandardService   : Starting service [Tomcat]
2026-08-21 10:07:18.560  INFO --- [main] o.apache.catalina.core.StandardEngine    : Starting Servlet engine: [Apache Tomcat/10.1.33]
2026-08-21 10:07:18.625  INFO --- [main] o.a.c.c.C.[Tomcat].[localhost].[/]       : Initializing Spring embedded WebApplicationContext
2026-08-21 10:07:18.625  INFO --- [main] w.s.c.ServletWebServerApplicationContext : Root WebApplicationContext: initialization completed in 1281 ms
2026-08-21 10:07:18.726  INFO --- [main] com.zaxxer.hikari.HikariDataSource       : HikariPool-1 - Starting...
2026-08-21 10:07:18.896  INFO --- [main] com.zaxxer.hikari.pool.HikariPool        : HikariPool-1 - Added connection org.postgresql.jdbc.PgConnection@2ca54da9
2026-08-21 10:07:18.898  INFO --- [main] com.zaxxer.hikari.HikariDataSource       : HikariPool-1 - Start completed.
2026-08-21 10:07:19.031  INFO --- [main] liquibase.database                       : Set default schema name to public
2026-08-21 10:07:19.462  INFO --- [main] liquibase.changelog                      : Reading from public.databasechangelog
2026-08-21 10:07:19.524  INFO --- [main] liquibase.ui                             : Database is up to date, no changesets to execute
2026-08-21 10:07:19.528  INFO --- [main] liquibase.changelog                      : Reading from public.databasechangelog
2026-08-21 10:07:19.540  INFO --- [main] liquibase.util                           : UPDATE SUMMARY
2026-08-21 10:07:19.540  INFO --- [main] liquibase.util                           : Run:                          0
2026-08-21 10:07:19.540  INFO --- [main] liquibase.util                           : Previously run:               3
2026-08-21 10:07:19.540  INFO --- [main] liquibase.util                           : Filtered out:                 0
2026-08-21 10:07:19.540  INFO --- [main] liquibase.util                           : -------------------------------
2026-08-21 10:07:19.540  INFO --- [main] liquibase.util                           : Total change sets:            3
2026-08-21 10:07:19.542  INFO --- [main] liquibase.util                           : Update summary generated
2026-08-21 10:07:19.543  INFO --- [main] liquibase.command                        : Command execution complete
2026-08-21 10:07:19.643  INFO --- [main] o.hibernate.jpa.internal.util.LogHelper  : HHH000204: Processing PersistenceUnitInfo [name: default]
2026-08-21 10:07:19.713  INFO --- [main] org.hibernate.Version                    : HHH000412: Hibernate ORM core version 6.6.2.Final
2026-08-21 10:07:19.757  INFO --- [main] o.h.c.internal.RegionFactoryInitiator    : HHH000026: Second-level cache disabled
2026-08-21 10:07:20.037  INFO --- [main] o.s.o.j.p.SpringPersistenceUnitInfo      : No LoadTimeWeaver setup: ignoring JPA class transformer
2026-08-21 10:07:20.106  WARN --- [main] org.hibernate.orm.deprecation            : HHH90000025: PostgreSQLDialect does not need to be specified explicitly using 'hibernate.dialect' (remove the property setting and it will be selected by default)
2026-08-21 10:07:20.121  INFO --- [main] org.hibernate.orm.connections.pooling    : HHH10001005: Database info:
	Database JDBC URL [Connecting through datasource 'HikariDataSource (HikariPool-1)']
	Database driver: undefined/unknown
	Database version: 18.3
	Autocommit mode: undefined/unknown
	Isolation level: undefined/unknown
	Minimum pool size: undefined/unknown
	Maximum pool size: undefined/unknown
2026-08-21 10:07:21.008  INFO --- [main] o.h.e.t.j.p.i.JtaPlatformInitiator       : HHH000489: No JTA platform available (set 'hibernate.transaction.jta.platform' to enable JTA platform integration)
2026-08-21 10:07:21.038  INFO --- [main] j.LocalContainerEntityManagerFactoryBean : Initialized JPA EntityManagerFactory for persistence unit 'default'
2026-08-21 10:07:21.283  INFO --- [main] o.s.d.j.r.query.QueryEnhancerFactory     : Hibernate is in classpath; If applicable, HQL parser will be used.
2026-08-21 10:07:22.052  WARN --- [main] JpaBaseConfiguration$JpaWebConfiguration : spring.jpa.open-in-view is enabled by default. Therefore, database queries may be performed during view rendering. Explicitly configure spring.jpa.open-in-view to disable this warning
2026-08-21 10:07:22.071  INFO --- [main] r$InitializeUserDetailsManagerConfigurer : Global AuthenticationManager configured with UserDetailsService bean with name userDetailsService
2026-08-21 10:07:22.572  INFO --- [main] o.s.b.w.embedded.tomcat.TomcatWebServer  : Tomcat started on port 8081 (http) with context path '/'
2026-08-21 10:07:22.582  INFO --- [main] com.portfolio.keyra.KeyraApplication     : Started KeyraApplication in 5.717 seconds (process running for 6.346)
2026-08-21 10:07:26.726  INFO --- [http-nio-8081-exec-1] o.a.c.c.C.[Tomcat].[localhost].[/]       : Initializing Spring DispatcherServlet 'dispatcherServlet'
2026-08-21 10:07:26.727  INFO --- [http-nio-8081-exec-1] o.s.web.servlet.DispatcherServlet        : Initializing Servlet 'dispatcherServlet'
2026-08-21 10:07:26.727  INFO --- [http-nio-8081-exec-1] o.s.web.servlet.DispatcherServlet        : Completed initialization in 0 ms
2026-08-21 10:07:33.730  INFO --- [http-nio-8081-exec-2] p.k.c.CustomAuthenticationSuccessHandler : Session ID: 4DC3CFC9B1854AF9CF95C5E3A826B8AB
2026-08-21 10:07:33.730  INFO --- [http-nio-8081-exec-2] p.k.c.CustomAuthenticationSuccessHandler : Session max inactive interval: 1800 seconds
2026-08-21 10:08:06.320  INFO --- [SpringApplicationShutdownHook] o.s.b.w.e.tomcat.GracefulShutdown        : Commencing graceful shutdown. Waiting for active requests to complete
2026-08-21 10:08:06.326  INFO --- [tomcat-shutdown] o.s.b.w.e.tomcat.GracefulShutdown        : Graceful shutdown complete
2026-08-21 10:08:06.330  INFO --- [SpringApplicationShutdownHook] j.LocalContainerEntityManagerFactoryBean : Closing JPA EntityManagerFactory for persistence unit 'default'
2026-08-21 10:08:06.332  INFO --- [SpringApplicationShutdownHook] com.zaxxer.hikari.HikariDataSource       : HikariPool-1 - Shutdown initiated...
2026-08-21 10:08:06.334  INFO --- [SpringApplicationShutdownHook] com.zaxxer.hikari.HikariDataSource       : HikariPool-1 - Shutdown completed.
2026-08-21 10:08:10.798  INFO --- [main] com.portfolio.keyra.KeyraApplication     : Starting KeyraApplication using Java 21.0.10 with PID 31088 (C:\Users\valem\IdeaProjects\password_manager\target\classes started by valem in C:\Users\valem\IdeaProjects\password_manager)
2026-08-21 10:08:10.800  INFO --- [main] com.portfolio.keyra.KeyraApplication     : No active profile set, falling back to 1 default profile: "default"
2026-08-21 10:08:11.489  INFO --- [main] .s.d.r.c.RepositoryConfigurationDelegate : Bootstrapping Spring Data JPA repositories in DEFAULT mode.
2026-08-21 10:08:11.550  INFO --- [main] .s.d.r.c.RepositoryConfigurationDelegate : Finished Spring Data repository scanning in 53 ms. Found 3 JPA repository interfaces.
2026-08-21 10:08:12.044  INFO --- [main] o.s.b.w.embedded.tomcat.TomcatWebServer  : Tomcat initialized with port 8081 (http)
2026-08-21 10:08:12.060  INFO --- [main] o.apache.catalina.core.StandardService   : Starting service [Tomcat]
2026-08-21 10:08:12.060  INFO --- [main] o.apache.catalina.core.StandardEngine    : Starting Servlet engine: [Apache Tomcat/10.1.33]
2026-08-21 10:08:12.126  INFO --- [main] o.a.c.c.C.[Tomcat].[localhost].[/]       : Initializing Spring embedded WebApplicationContext
2026-08-21 10:08:12.126  INFO --- [main] w.s.c.ServletWebServerApplicationContext : Root WebApplicationContext: initialization completed in 1280 ms
2026-08-21 10:08:12.231  INFO --- [main] com.zaxxer.hikari.HikariDataSource       : HikariPool-1 - Starting...
2026-08-21 10:08:12.404  INFO --- [main] com.zaxxer.hikari.pool.HikariPool        : HikariPool-1 - Added connection org.postgresql.jdbc.PgConnection@5438fa43
2026-08-21 10:08:12.405  INFO --- [main] com.zaxxer.hikari.HikariDataSource       : HikariPool-1 - Start completed.
2026-08-21 10:08:12.535  INFO --- [main] liquibase.database                       : Set default schema name to public
2026-08-21 10:08:12.999  INFO --- [main] liquibase.changelog                      : Reading from public.databasechangelog
2026-08-21 10:08:13.047  INFO --- [main] liquibase.ui                             : Database is up to date, no changesets to execute
2026-08-21 10:08:13.049  INFO --- [main] liquibase.changelog                      : Reading from public.databasechangelog
2026-08-21 10:08:13.058  INFO --- [main] liquibase.util                           : UPDATE SUMMARY
2026-08-21 10:08:13.058  INFO --- [main] liquibase.util                           : Run:                          0
2026-08-21 10:08:13.058  INFO --- [main] liquibase.util                           : Previously run:               3
2026-08-21 10:08:13.058  INFO --- [main] liquibase.util                           : Filtered out:                 0
2026-08-21 10:08:13.058  INFO --- [main] liquibase.util                           : -------------------------------
2026-08-21 10:08:13.058  INFO --- [main] liquibase.util                           : Total change sets:            3
2026-08-21 10:08:13.059  INFO --- [main] liquibase.util                           : Update summary generated
2026-08-21 10:08:13.061  INFO --- [main] liquibase.command                        : Command execution complete
2026-08-21 10:08:13.156  INFO --- [main] o.hibernate.jpa.internal.util.LogHelper  : HHH000204: Processing PersistenceUnitInfo [name: default]
2026-08-21 10:08:13.216  INFO --- [main] org.hibernate.Version                    : HHH000412: Hibernate ORM core version 6.6.2.Final
2026-08-21 10:08:13.251  INFO --- [main] o.h.c.internal.RegionFactoryInitiator    : HHH000026: Second-level cache disabled
2026-08-21 10:08:13.501  INFO --- [main] o.s.o.j.p.SpringPersistenceUnitInfo      : No LoadTimeWeaver setup: ignoring JPA class transformer
2026-08-21 10:08:13.545  WARN --- [main] org.hibernate.orm.deprecation            : HHH90000025: PostgreSQLDialect does not need to be specified explicitly using 'hibernate.dialect' (remove the property setting and it will be selected by default)
2026-08-21 10:08:13.558  INFO --- [main] org.hibernate.orm.connections.pooling    : HHH10001005: Database info:
	Database JDBC URL [Connecting through datasource 'HikariDataSource (HikariPool-1)']
	Database driver: undefined/unknown
	Database version: 18.3
	Autocommit mode: undefined/unknown
	Isolation level: undefined/unknown
	Minimum pool size: undefined/unknown
	Maximum pool size: undefined/unknown
2026-08-21 10:08:14.453  INFO --- [main] o.h.e.t.j.p.i.JtaPlatformInitiator       : HHH000489: No JTA platform available (set 'hibernate.transaction.jta.platform' to enable JTA platform integration)
2026-08-21 10:08:14.486  INFO --- [main] j.LocalContainerEntityManagerFactoryBean : Initialized JPA EntityManagerFactory for persistence unit 'default'
2026-08-21 10:08:14.747  INFO --- [main] o.s.d.j.r.query.QueryEnhancerFactory     : Hibernate is in classpath; If applicable, HQL parser will be used.
2026-08-21 10:08:15.584  WARN --- [main] JpaBaseConfiguration$JpaWebConfiguration : spring.jpa.open-in-view is enabled by default. Therefore, database queries may be performed during view rendering. Explicitly configure spring.jpa.open-in-view to disable this warning
2026-08-21 10:08:15.603  INFO --- [main] r$InitializeUserDetailsManagerConfigurer : Global AuthenticationManager configured with UserDetailsService bean with name userDetailsService
2026-08-21 10:08:16.109  INFO --- [main] o.s.b.w.embedded.tomcat.TomcatWebServer  : Tomcat started on port 8081 (http) with context path '/'
2026-08-21 10:08:16.118  INFO --- [main] com.portfolio.keyra.KeyraApplication     : Started KeyraApplication in 5.755 seconds (process running for 6.356)
2026-08-21 10:08:20.690  INFO --- [http-nio-8081-exec-1] o.a.c.c.C.[Tomcat].[localhost].[/]       : Initializing Spring DispatcherServlet 'dispatcherServlet'
2026-08-21 10:08:20.691  INFO --- [http-nio-8081-exec-1] o.s.web.servlet.DispatcherServlet        : Initializing Servlet 'dispatcherServlet'
2026-08-21 10:08:20.692  INFO --- [http-nio-8081-exec-1] o.s.web.servlet.DispatcherServlet        : Completed initialization in 1 ms
2026-08-21 10:08:23.079  INFO --- [http-nio-8081-exec-8] p.k.c.CustomAuthenticationSuccessHandler : Session ID: 8EC595C101BE38D9B448E6AB118C68AA
2026-08-21 10:08:23.079  INFO --- [http-nio-8081-exec-8] p.k.c.CustomAuthenticationSuccessHandler : Session max inactive interval: 1800 seconds
2026-08-21 10:29:15.225  INFO --- [SpringApplicationShutdownHook] o.s.b.w.e.tomcat.GracefulShutdown        : Commencing graceful shutdown. Waiting for active requests to complete
2026-08-21 10:29:15.233  INFO --- [tomcat-shutdown] o.s.b.w.e.tomcat.GracefulShutdown        : Graceful shutdown complete
2026-08-21 10:29:15.239  INFO --- [SpringApplicationShutdownHook] j.LocalContainerEntityManagerFactoryBean : Closing JPA EntityManagerFactory for persistence unit 'default'
2026-08-21 10:29:15.239  INFO --- [SpringApplicationShutdownHook] com.zaxxer.hikari.HikariDataSource       : HikariPool-1 - Shutdown initiated...
2026-08-21 10:29:15.247  INFO --- [SpringApplicationShutdownHook] com.zaxxer.hikari.HikariDataSource       : HikariPool-1 - Shutdown completed.
2026-08-21 10:29:20.183  INFO --- [main] com.portfolio.keyra.KeyraApplication     : Starting KeyraApplication using Java 21.0.10 with PID 5260 (C:\Users\valem\IdeaProjects\password_manager\target\classes started by valem in C:\Users\valem\IdeaProjects\password_manager)
2026-08-21 10:29:20.183  INFO --- [main] com.portfolio.keyra.KeyraApplication     : No active profile set, falling back to 1 default profile: "default"
2026-08-21 10:29:20.919  INFO --- [main] .s.d.r.c.RepositoryConfigurationDelegate : Bootstrapping Spring Data JPA repositories in DEFAULT mode.
2026-08-21 10:29:20.981  INFO --- [main] .s.d.r.c.RepositoryConfigurationDelegate : Finished Spring Data repository scanning in 55 ms. Found 3 JPA repository interfaces.
2026-08-21 10:29:21.502  INFO --- [main] o.s.b.w.embedded.tomcat.TomcatWebServer  : Tomcat initialized with port 8081 (http)
2026-08-21 10:29:21.515  INFO --- [main] o.apache.catalina.core.StandardService   : Starting service [Tomcat]
2026-08-21 10:29:21.516  INFO --- [main] o.apache.catalina.core.StandardEngine    : Starting Servlet engine: [Apache Tomcat/10.1.33]
2026-08-21 10:29:21.579  INFO --- [main] o.a.c.c.C.[Tomcat].[localhost].[/]       : Initializing Spring embedded WebApplicationContext
2026-08-21 10:29:21.579  INFO --- [main] w.s.c.ServletWebServerApplicationContext : Root WebApplicationContext: initialization completed in 1345 ms
2026-08-21 10:29:21.687  INFO --- [main] com.zaxxer.hikari.HikariDataSource       : HikariPool-1 - Starting...
2026-08-21 10:29:21.856  INFO --- [main] com.zaxxer.hikari.pool.HikariPool        : HikariPool-1 - Added connection org.postgresql.jdbc.PgConnection@1a1c21b4
2026-08-21 10:29:21.856  INFO --- [main] com.zaxxer.hikari.HikariDataSource       : HikariPool-1 - Start completed.
2026-08-21 10:29:22.008  INFO --- [main] liquibase.database                       : Set default schema name to public
2026-08-21 10:29:22.425  INFO --- [main] liquibase.changelog                      : Reading from public.databasechangelog
2026-08-21 10:29:22.469  INFO --- [main] liquibase.ui                             : Database is up to date, no changesets to execute
2026-08-21 10:29:22.471  INFO --- [main] liquibase.changelog                      : Reading from public.databasechangelog
2026-08-21 10:29:22.481  INFO --- [main] liquibase.util                           : UPDATE SUMMARY
2026-08-21 10:29:22.481  INFO --- [main] liquibase.util                           : Run:                          0
2026-08-21 10:29:22.481  INFO --- [main] liquibase.util                           : Previously run:               3
2026-08-21 10:29:22.481  INFO --- [main] liquibase.util                           : Filtered out:                 0
2026-08-21 10:29:22.481  INFO --- [main] liquibase.util                           : -------------------------------
2026-08-21 10:29:22.481  INFO --- [main] liquibase.util                           : Total change sets:            3
2026-08-21 10:29:22.481  INFO --- [main] liquibase.util                           : Update summary generated
2026-08-21 10:29:22.481  INFO --- [main] liquibase.command                        : Command execution complete
2026-08-21 10:29:22.557  INFO --- [main] o.hibernate.jpa.internal.util.LogHelper  : HHH000204: Processing PersistenceUnitInfo [name: default]
2026-08-21 10:29:22.619  INFO --- [main] org.hibernate.Version                    : HHH000412: Hibernate ORM core version 6.6.2.Final
2026-08-21 10:29:22.656  INFO --- [main] o.h.c.internal.RegionFactoryInitiator    : HHH000026: Second-level cache disabled
2026-08-21 10:29:22.927  INFO --- [main] o.s.o.j.p.SpringPersistenceUnitInfo      : No LoadTimeWeaver setup: ignoring JPA class transformer
2026-08-21 10:29:22.975  WARN --- [main] org.hibernate.orm.deprecation            : HHH90000025: PostgreSQLDialect does not need to be specified explicitly using 'hibernate.dialect' (remove the property setting and it will be selected by default)
2026-08-21 10:29:22.988  INFO --- [main] org.hibernate.orm.connections.pooling    : HHH10001005: Database info:
	Database JDBC URL [Connecting through datasource 'HikariDataSource (HikariPool-1)']
	Database driver: undefined/unknown
	Database version: 18.3
	Autocommit mode: undefined/unknown
	Isolation level: undefined/unknown
	Minimum pool size: undefined/unknown
	Maximum pool size: undefined/unknown
2026-08-21 10:29:23.942  INFO --- [main] o.h.e.t.j.p.i.JtaPlatformInitiator       : HHH000489: No JTA platform available (set 'hibernate.transaction.jta.platform' to enable JTA platform integration)
2026-08-21 10:29:23.975  INFO --- [main] j.LocalContainerEntityManagerFactoryBean : Initialized JPA EntityManagerFactory for persistence unit 'default'
2026-08-21 10:29:24.217  INFO --- [main] o.s.d.j.r.query.QueryEnhancerFactory     : Hibernate is in classpath; If applicable, HQL parser will be used.
2026-08-21 10:29:25.002  WARN --- [main] JpaBaseConfiguration$JpaWebConfiguration : spring.jpa.open-in-view is enabled by default. Therefore, database queries may be performed during view rendering. Explicitly configure spring.jpa.open-in-view to disable this warning
2026-08-21 10:29:25.024  INFO --- [main] r$InitializeUserDetailsManagerConfigurer : Global AuthenticationManager configured with UserDetailsService bean with name userDetailsService
2026-08-21 10:29:25.533  INFO --- [main] o.s.b.w.embedded.tomcat.TomcatWebServer  : Tomcat started on port 8081 (http) with context path '/'
2026-08-21 10:29:25.543  INFO --- [main] com.portfolio.keyra.KeyraApplication     : Started KeyraApplication in 5.825 seconds (process running for 6.471)
2026-08-21 10:29:25.619  INFO --- [http-nio-8081-exec-1] o.a.c.c.C.[Tomcat].[localhost].[/]       : Initializing Spring DispatcherServlet 'dispatcherServlet'
2026-08-21 10:29:25.620  INFO --- [http-nio-8081-exec-1] o.s.web.servlet.DispatcherServlet        : Initializing Servlet 'dispatcherServlet'
2026-08-21 10:29:25.620  INFO --- [http-nio-8081-exec-1] o.s.web.servlet.DispatcherServlet        : Completed initialization in 0 ms
2026-08-21 10:29:25.674  WARN --- [http-nio-8081-exec-1] c.p.k.controller.CustomErrorController   : HTTP Error 403 occurred - URI: /api/session/check, Message: Forbidden
2026-08-21 10:30:35.745  INFO --- [SpringApplicationShutdownHook] o.s.b.w.e.tomcat.GracefulShutdown        : Commencing graceful shutdown. Waiting for active requests to complete
2026-08-21 10:30:35.750  INFO --- [tomcat-shutdown] o.s.b.w.e.tomcat.GracefulShutdown        : Graceful shutdown complete
2026-08-21 10:30:35.756  INFO --- [SpringApplicationShutdownHook] j.LocalContainerEntityManagerFactoryBean : Closing JPA EntityManagerFactory for persistence unit 'default'
2026-08-21 10:30:35.757  INFO --- [SpringApplicationShutdownHook] com.zaxxer.hikari.HikariDataSource       : HikariPool-1 - Shutdown initiated...
2026-08-21 10:30:35.760  INFO --- [SpringApplicationShutdownHook] com.zaxxer.hikari.HikariDataSource       : HikariPool-1 - Shutdown completed.
2026-08-21 10:30:38.016  INFO --- [main] com.portfolio.keyra.KeyraApplication     : Starting KeyraApplication using Java 21.0.10 with PID 4428 (C:\Users\valem\IdeaProjects\password_manager\target\classes started by valem in C:\Users\valem\IdeaProjects\password_manager)
2026-08-21 10:30:38.018  INFO --- [main] com.portfolio.keyra.KeyraApplication     : No active profile set, falling back to 1 default profile: "default"
2026-08-21 10:30:38.666  INFO --- [main] .s.d.r.c.RepositoryConfigurationDelegate : Bootstrapping Spring Data JPA repositories in DEFAULT mode.
2026-08-21 10:30:38.723  INFO --- [main] .s.d.r.c.RepositoryConfigurationDelegate : Finished Spring Data repository scanning in 51 ms. Found 3 JPA repository interfaces.
2026-08-21 10:30:39.194  INFO --- [main] o.s.b.w.embedded.tomcat.TomcatWebServer  : Tomcat initialized with port 8081 (http)
2026-08-21 10:30:39.207  INFO --- [main] o.apache.catalina.core.StandardService   : Starting service [Tomcat]
2026-08-21 10:30:39.207  INFO --- [main] o.apache.catalina.core.StandardEngine    : Starting Servlet engine: [Apache Tomcat/10.1.33]
2026-08-21 10:30:39.270  INFO --- [main] o.a.c.c.C.[Tomcat].[localhost].[/]       : Initializing Spring embedded WebApplicationContext
2026-08-21 10:30:39.270  INFO --- [main] w.s.c.ServletWebServerApplicationContext : Root WebApplicationContext: initialization completed in 1212 ms
2026-08-21 10:30:39.371  INFO --- [main] com.zaxxer.hikari.HikariDataSource       : HikariPool-1 - Starting...
2026-08-21 10:30:39.535  INFO --- [main] com.zaxxer.hikari.pool.HikariPool        : HikariPool-1 - Added connection org.postgresql.jdbc.PgConnection@640d604
2026-08-21 10:30:39.535  INFO --- [main] com.zaxxer.hikari.HikariDataSource       : HikariPool-1 - Start completed.
2026-08-21 10:30:39.664  INFO --- [main] liquibase.database                       : Set default schema name to public
2026-08-21 10:30:40.057  INFO --- [main] liquibase.changelog                      : Reading from public.databasechangelog
2026-08-21 10:30:40.103  INFO --- [main] liquibase.ui                             : Database is up to date, no changesets to execute
2026-08-21 10:30:40.104  INFO --- [main] liquibase.changelog                      : Reading from public.databasechangelog
2026-08-21 10:30:40.111  INFO --- [main] liquibase.util                           : UPDATE SUMMARY
2026-08-21 10:30:40.111  INFO --- [main] liquibase.util                           : Run:                          0
2026-08-21 10:30:40.111  INFO --- [main] liquibase.util                           : Previously run:               3
2026-08-21 10:30:40.111  INFO --- [main] liquibase.util                           : Filtered out:                 0
2026-08-21 10:30:40.111  INFO --- [main] liquibase.util                           : -------------------------------
2026-08-21 10:30:40.111  INFO --- [main] liquibase.util                           : Total change sets:            3
2026-08-21 10:30:40.111  INFO --- [main] liquibase.util                           : Update summary generated
2026-08-21 10:30:40.111  INFO --- [main] liquibase.command                        : Command execution complete
2026-08-21 10:30:40.186  INFO --- [main] o.hibernate.jpa.internal.util.LogHelper  : HHH000204: Processing PersistenceUnitInfo [name: default]
2026-08-21 10:30:40.236  INFO --- [main] org.hibernate.Version                    : HHH000412: Hibernate ORM core version 6.6.2.Final
2026-08-21 10:30:40.274  INFO --- [main] o.h.c.internal.RegionFactoryInitiator    : HHH000026: Second-level cache disabled
2026-08-21 10:30:40.548  INFO --- [main] o.s.o.j.p.SpringPersistenceUnitInfo      : No LoadTimeWeaver setup: ignoring JPA class transformer
2026-08-21 10:30:40.597  WARN --- [main] org.hibernate.orm.deprecation            : HHH90000025: PostgreSQLDialect does not need to be specified explicitly using 'hibernate.dialect' (remove the property setting and it will be selected by default)
2026-08-21 10:30:40.611  INFO --- [main] org.hibernate.orm.connections.pooling    : HHH10001005: Database info:
	Database JDBC URL [Connecting through datasource 'HikariDataSource (HikariPool-1)']
	Database driver: undefined/unknown
	Database version: 18.3
	Autocommit mode: undefined/unknown
	Isolation level: undefined/unknown
	Minimum pool size: undefined/unknown
	Maximum pool size: undefined/unknown
2026-08-21 10:30:41.542  INFO --- [main] o.h.e.t.j.p.i.JtaPlatformInitiator       : HHH000489: No JTA platform available (set 'hibernate.transaction.jta.platform' to enable JTA platform integration)
2026-08-21 10:30:41.576  INFO --- [main] j.LocalContainerEntityManagerFactoryBean : Initialized JPA EntityManagerFactory for persistence unit 'default'
2026-08-21 10:30:41.842  INFO --- [main] o.s.d.j.r.query.QueryEnhancerFactory     : Hibernate is in classpath; If applicable, HQL parser will be used.
2026-08-21 10:30:42.642  WARN --- [main] JpaBaseConfiguration$JpaWebConfiguration : spring.jpa.open-in-view is enabled by default. Therefore, database queries may be performed during view rendering. Explicitly configure spring.jpa.open-in-view to disable this warning
2026-08-21 10:30:42.663  INFO --- [main] r$InitializeUserDetailsManagerConfigurer : Global AuthenticationManager configured with UserDetailsService bean with name userDetailsService
2026-08-21 10:30:43.175  INFO --- [main] o.s.b.w.embedded.tomcat.TomcatWebServer  : Tomcat started on port 8081 (http) with context path '/'
2026-08-21 10:30:43.184  INFO --- [main] com.portfolio.keyra.KeyraApplication     : Started KeyraApplication in 5.61 seconds (process running for 6.436)
2026-08-21 10:30:46.570  INFO --- [http-nio-8081-exec-1] o.a.c.c.C.[Tomcat].[localhost].[/]       : Initializing Spring DispatcherServlet 'dispatcherServlet'
2026-08-21 10:30:46.570  INFO --- [http-nio-8081-exec-1] o.s.web.servlet.DispatcherServlet        : Initializing Servlet 'dispatcherServlet'
2026-08-21 10:30:46.570  INFO --- [http-nio-8081-exec-1] o.s.web.servlet.DispatcherServlet        : Completed initialization in 0 ms
2026-08-21 10:30:49.192  INFO --- [http-nio-8081-exec-8] p.k.c.CustomAuthenticationSuccessHandler : Session ID: FBBA6913396EF8B01F18E6FF16B500F2
2026-08-21 10:30:49.192  INFO --- [http-nio-8081-exec-8] p.k.c.CustomAuthenticationSuccessHandler : Session max inactive interval: 1800 seconds
2026-08-21 10:33:47.885  INFO --- [SpringApplicationShutdownHook] o.s.b.w.e.tomcat.GracefulShutdown        : Commencing graceful shutdown. Waiting for active requests to complete
2026-08-21 10:33:47.894  INFO --- [tomcat-shutdown] o.s.b.w.e.tomcat.GracefulShutdown        : Graceful shutdown complete
2026-08-21 10:33:47.900  INFO --- [SpringApplicationShutdownHook] j.LocalContainerEntityManagerFactoryBean : Closing JPA EntityManagerFactory for persistence unit 'default'
2026-08-21 10:33:47.902  INFO --- [SpringApplicationShutdownHook] com.zaxxer.hikari.HikariDataSource       : HikariPool-1 - Shutdown initiated...
2026-08-21 10:33:47.906  INFO --- [SpringApplicationShutdownHook] com.zaxxer.hikari.HikariDataSource       : HikariPool-1 - Shutdown completed.
2026-08-21 10:33:53.356  INFO --- [main] com.portfolio.keyra.KeyraApplication     : Starting KeyraApplication using Java 21.0.10 with PID 18944 (C:\Users\valem\IdeaProjects\password_manager\target\classes started by valem in C:\Users\valem\IdeaProjects\password_manager)
2026-08-21 10:33:53.357  INFO --- [main] com.portfolio.keyra.KeyraApplication     : No active profile set, falling back to 1 default profile: "default"
2026-08-21 10:33:54.030  INFO --- [main] .s.d.r.c.RepositoryConfigurationDelegate : Bootstrapping Spring Data JPA repositories in DEFAULT mode.
2026-08-21 10:33:54.086  INFO --- [main] .s.d.r.c.RepositoryConfigurationDelegate : Finished Spring Data repository scanning in 51 ms. Found 3 JPA repository interfaces.
2026-08-21 10:33:54.586  INFO --- [main] o.s.b.w.embedded.tomcat.TomcatWebServer  : Tomcat initialized with port 8081 (http)
2026-08-21 10:33:54.599  INFO --- [main] o.apache.catalina.core.StandardService   : Starting service [Tomcat]
2026-08-21 10:33:54.599  INFO --- [main] o.apache.catalina.core.StandardEngine    : Starting Servlet engine: [Apache Tomcat/10.1.33]
2026-08-21 10:33:54.667  INFO --- [main] o.a.c.c.C.[Tomcat].[localhost].[/]       : Initializing Spring embedded WebApplicationContext
2026-08-21 10:33:54.667  INFO --- [main] w.s.c.ServletWebServerApplicationContext : Root WebApplicationContext: initialization completed in 1257 ms
2026-08-21 10:33:54.773  INFO --- [main] com.zaxxer.hikari.HikariDataSource       : HikariPool-1 - Starting...
2026-08-21 10:33:54.945  INFO --- [main] com.zaxxer.hikari.pool.HikariPool        : HikariPool-1 - Added connection org.postgresql.jdbc.PgConnection@7b96de8d
2026-08-21 10:33:54.947  INFO --- [main] com.zaxxer.hikari.HikariDataSource       : HikariPool-1 - Start completed.
2026-08-21 10:33:55.086  INFO --- [main] liquibase.database                       : Set default schema name to public
2026-08-21 10:33:55.529  INFO --- [main] liquibase.changelog                      : Reading from public.databasechangelog
2026-08-21 10:33:55.586  INFO --- [main] liquibase.ui                             : Database is up to date, no changesets to execute
2026-08-21 10:33:55.587  INFO --- [main] liquibase.changelog                      : Reading from public.databasechangelog
2026-08-21 10:33:55.594  INFO --- [main] liquibase.util                           : UPDATE SUMMARY
2026-08-21 10:33:55.594  INFO --- [main] liquibase.util                           : Run:                          0
2026-08-21 10:33:55.594  INFO --- [main] liquibase.util                           : Previously run:               3
2026-08-21 10:33:55.594  INFO --- [main] liquibase.util                           : Filtered out:                 0
2026-08-21 10:33:55.594  INFO --- [main] liquibase.util                           : -------------------------------
2026-08-21 10:33:55.594  INFO --- [main] liquibase.util                           : Total change sets:            3
2026-08-21 10:33:55.597  INFO --- [main] liquibase.util                           : Update summary generated
2026-08-21 10:33:55.599  INFO --- [main] liquibase.command                        : Command execution complete
2026-08-21 10:33:55.689  INFO --- [main] o.hibernate.jpa.internal.util.LogHelper  : HHH000204: Processing PersistenceUnitInfo [name: default]
2026-08-21 10:33:55.746  INFO --- [main] org.hibernate.Version                    : HHH000412: Hibernate ORM core version 6.6.2.Final
2026-08-21 10:33:55.780  INFO --- [main] o.h.c.internal.RegionFactoryInitiator    : HHH000026: Second-level cache disabled
2026-08-21 10:33:56.079  INFO --- [main] o.s.o.j.p.SpringPersistenceUnitInfo      : No LoadTimeWeaver setup: ignoring JPA class transformer
2026-08-21 10:33:56.135  WARN --- [main] org.hibernate.orm.deprecation            : HHH90000025: PostgreSQLDialect does not need to be specified explicitly using 'hibernate.dialect' (remove the property setting and it will be selected by default)
2026-08-21 10:33:56.151  INFO --- [main] org.hibernate.orm.connections.pooling    : HHH10001005: Database info:
	Database JDBC URL [Connecting through datasource 'HikariDataSource (HikariPool-1)']
	Database driver: undefined/unknown
	Database version: 18.3
	Autocommit mode: undefined/unknown
	Isolation level: undefined/unknown
	Minimum pool size: undefined/unknown
	Maximum pool size: undefined/unknown
2026-08-21 10:33:57.188  INFO --- [main] o.h.e.t.j.p.i.JtaPlatformInitiator       : HHH000489: No JTA platform available (set 'hibernate.transaction.jta.platform' to enable JTA platform integration)
2026-08-21 10:33:57.219  INFO --- [main] j.LocalContainerEntityManagerFactoryBean : Initialized JPA EntityManagerFactory for persistence unit 'default'
2026-08-21 10:33:57.469  INFO --- [main] o.s.d.j.r.query.QueryEnhancerFactory     : Hibernate is in classpath; If applicable, HQL parser will be used.
2026-08-21 10:33:58.252  WARN --- [main] JpaBaseConfiguration$JpaWebConfiguration : spring.jpa.open-in-view is enabled by default. Therefore, database queries may be performed during view rendering. Explicitly configure spring.jpa.open-in-view to disable this warning
2026-08-21 10:33:58.273  INFO --- [main] r$InitializeUserDetailsManagerConfigurer : Global AuthenticationManager configured with UserDetailsService bean with name userDetailsService
2026-08-21 10:33:58.788  INFO --- [main] o.s.b.w.embedded.tomcat.TomcatWebServer  : Tomcat started on port 8081 (http) with context path '/'
2026-08-21 10:33:58.796  INFO --- [main] com.portfolio.keyra.KeyraApplication     : Started KeyraApplication in 5.903 seconds (process running for 6.501)
2026-08-21 10:33:59.922  INFO --- [http-nio-8081-exec-1] o.a.c.c.C.[Tomcat].[localhost].[/]       : Initializing Spring DispatcherServlet 'dispatcherServlet'
2026-08-21 10:33:59.922  INFO --- [http-nio-8081-exec-1] o.s.web.servlet.DispatcherServlet        : Initializing Servlet 'dispatcherServlet'
2026-08-21 10:33:59.922  INFO --- [http-nio-8081-exec-1] o.s.web.servlet.DispatcherServlet        : Completed initialization in 0 ms
2026-08-21 10:34:00.731  WARN --- [http-nio-8081-exec-6] c.p.k.controller.CustomErrorController   : HTTP Error 404 occurred - URI: /static/favicon.ico, Message: No static resource static/favicon.ico.
2026-08-21 10:36:56.587  INFO --- [SpringApplicationShutdownHook] o.s.b.w.e.tomcat.GracefulShutdown        : Commencing graceful shutdown. Waiting for active requests to complete
2026-08-21 10:36:56.590  INFO --- [tomcat-shutdown] o.s.b.w.e.tomcat.GracefulShutdown        : Graceful shutdown complete
2026-08-21 10:36:56.595  INFO --- [SpringApplicationShutdownHook] j.LocalContainerEntityManagerFactoryBean : Closing JPA EntityManagerFactory for persistence unit 'default'
2026-08-21 10:36:56.595  INFO --- [SpringApplicationShutdownHook] com.zaxxer.hikari.HikariDataSource       : HikariPool-1 - Shutdown initiated...
2026-08-21 10:36:56.601  INFO --- [SpringApplicationShutdownHook] com.zaxxer.hikari.HikariDataSource       : HikariPool-1 - Shutdown completed.
2026-08-21 10:37:00.284  INFO --- [main] com.portfolio.keyra.KeyraApplication     : Starting KeyraApplication using Java 21.0.10 with PID 17376 (C:\Users\valem\IdeaProjects\password_manager\target\classes started by valem in C:\Users\valem\IdeaProjects\password_manager)
2026-08-21 10:37:00.284  INFO --- [main] com.portfolio.keyra.KeyraApplication     : No active profile set, falling back to 1 default profile: "default"
2026-08-21 10:37:01.052  INFO --- [main] .s.d.r.c.RepositoryConfigurationDelegate : Bootstrapping Spring Data JPA repositories in DEFAULT mode.
2026-08-21 10:37:01.123  INFO --- [main] .s.d.r.c.RepositoryConfigurationDelegate : Finished Spring Data repository scanning in 61 ms. Found 3 JPA repository interfaces.
2026-08-21 10:37:01.779  INFO --- [main] o.s.b.w.embedded.tomcat.TomcatWebServer  : Tomcat initialized with port 8081 (http)
2026-08-21 10:37:01.794  INFO --- [main] o.apache.catalina.core.StandardService   : Starting service [Tomcat]
2026-08-21 10:37:01.794  INFO --- [main] o.apache.catalina.core.StandardEngine    : Starting Servlet engine: [Apache Tomcat/10.1.33]
2026-08-21 10:37:01.856  INFO --- [main] o.a.c.c.C.[Tomcat].[localhost].[/]       : Initializing Spring embedded WebApplicationContext
2026-08-21 10:37:01.856  INFO --- [main] w.s.c.ServletWebServerApplicationContext : Root WebApplicationContext: initialization completed in 1519 ms
2026-08-21 10:37:01.970  INFO --- [main] com.zaxxer.hikari.HikariDataSource       : HikariPool-1 - Starting...
2026-08-21 10:37:02.136  INFO --- [main] com.zaxxer.hikari.pool.HikariPool        : HikariPool-1 - Added connection org.postgresql.jdbc.PgConnection@2e6d76ba
2026-08-21 10:37:02.136  INFO --- [main] com.zaxxer.hikari.HikariDataSource       : HikariPool-1 - Start completed.
2026-08-21 10:37:02.284  INFO --- [main] liquibase.database                       : Set default schema name to public
2026-08-21 10:37:02.809  INFO --- [main] liquibase.changelog                      : Reading from public.databasechangelog
2026-08-21 10:37:02.858  INFO --- [main] liquibase.ui                             : Database is up to date, no changesets to execute
2026-08-21 10:37:02.858  INFO --- [main] liquibase.changelog                      : Reading from public.databasechangelog
2026-08-21 10:37:02.866  INFO --- [main] liquibase.util                           : UPDATE SUMMARY
2026-08-21 10:37:02.866  INFO --- [main] liquibase.util                           : Run:                          0
2026-08-21 10:37:02.866  INFO --- [main] liquibase.util                           : Previously run:               3
2026-08-21 10:37:02.866  INFO --- [main] liquibase.util                           : Filtered out:                 0
2026-08-21 10:37:02.866  INFO --- [main] liquibase.util                           : -------------------------------
2026-08-21 10:37:02.866  INFO --- [main] liquibase.util                           : Total change sets:            3
2026-08-21 10:37:02.866  INFO --- [main] liquibase.util                           : Update summary generated
2026-08-21 10:37:02.866  INFO --- [main] liquibase.command                        : Command execution complete
2026-08-21 10:37:02.941  INFO --- [main] o.hibernate.jpa.internal.util.LogHelper  : HHH000204: Processing PersistenceUnitInfo [name: default]
2026-08-21 10:37:02.998  INFO --- [main] org.hibernate.Version                    : HHH000412: Hibernate ORM core version 6.6.2.Final
2026-08-21 10:37:03.025  INFO --- [main] o.h.c.internal.RegionFactoryInitiator    : HHH000026: Second-level cache disabled
2026-08-21 10:37:03.306  INFO --- [main] o.s.o.j.p.SpringPersistenceUnitInfo      : No LoadTimeWeaver setup: ignoring JPA class transformer
2026-08-21 10:37:03.352  WARN --- [main] org.hibernate.orm.deprecation            : HHH90000025: PostgreSQLDialect does not need to be specified explicitly using 'hibernate.dialect' (remove the property setting and it will be selected by default)
2026-08-21 10:37:03.365  INFO --- [main] org.hibernate.orm.connections.pooling    : HHH10001005: Database info:
	Database JDBC URL [Connecting through datasource 'HikariDataSource (HikariPool-1)']
	Database driver: undefined/unknown
	Database version: 18.3
	Autocommit mode: undefined/unknown
	Isolation level: undefined/unknown
	Minimum pool size: undefined/unknown
	Maximum pool size: undefined/unknown
2026-08-21 10:37:04.311  INFO --- [main] o.h.e.t.j.p.i.JtaPlatformInitiator       : HHH000489: No JTA platform available (set 'hibernate.transaction.jta.platform' to enable JTA platform integration)
2026-08-21 10:37:04.337  INFO --- [main] j.LocalContainerEntityManagerFactoryBean : Initialized JPA EntityManagerFactory for persistence unit 'default'
2026-08-21 10:37:04.541  INFO --- [main] o.s.d.j.r.query.QueryEnhancerFactory     : Hibernate is in classpath; If applicable, HQL parser will be used.
2026-08-21 10:37:05.380  WARN --- [main] JpaBaseConfiguration$JpaWebConfiguration : spring.jpa.open-in-view is enabled by default. Therefore, database queries may be performed during view rendering. Explicitly configure spring.jpa.open-in-view to disable this warning
2026-08-21 10:37:05.399  INFO --- [main] r$InitializeUserDetailsManagerConfigurer : Global AuthenticationManager configured with UserDetailsService bean with name userDetailsService
2026-08-21 10:37:05.921  INFO --- [main] o.s.b.w.embedded.tomcat.TomcatWebServer  : Tomcat started on port 8081 (http) with context path '/'
2026-08-21 10:37:05.928  INFO --- [main] com.portfolio.keyra.KeyraApplication     : Started KeyraApplication in 6.189 seconds (process running for 7.7)
2026-08-21 10:37:09.685  INFO --- [http-nio-8081-exec-1] o.a.c.c.C.[Tomcat].[localhost].[/]       : Initializing Spring DispatcherServlet 'dispatcherServlet'
2026-08-21 10:37:09.685  INFO --- [http-nio-8081-exec-1] o.s.web.servlet.DispatcherServlet        : Initializing Servlet 'dispatcherServlet'
2026-08-21 10:37:09.692  INFO --- [http-nio-8081-exec-1] o.s.web.servlet.DispatcherServlet        : Completed initialization in 7 ms
2026-08-21 10:37:14.635  INFO --- [http-nio-8081-exec-8] p.k.c.CustomAuthenticationSuccessHandler : Session ID: C258FEADF5CB609568373B6F62AEF687
2026-08-21 10:37:14.638  INFO --- [http-nio-8081-exec-8] p.k.c.CustomAuthenticationSuccessHandler : Session max inactive interval: 1800 seconds
2026-08-21 10:56:58.940  INFO --- [SpringApplicationShutdownHook] o.s.b.w.e.tomcat.GracefulShutdown        : Commencing graceful shutdown. Waiting for active requests to complete
2026-08-21 10:56:58.947  INFO --- [tomcat-shutdown] o.s.b.w.e.tomcat.GracefulShutdown        : Graceful shutdown complete
2026-08-21 10:56:58.952  INFO --- [SpringApplicationShutdownHook] j.LocalContainerEntityManagerFactoryBean : Closing JPA EntityManagerFactory for persistence unit 'default'
2026-08-21 10:56:58.954  INFO --- [SpringApplicationShutdownHook] com.zaxxer.hikari.HikariDataSource       : HikariPool-1 - Shutdown initiated...
2026-08-21 10:56:58.957  INFO --- [SpringApplicationShutdownHook] com.zaxxer.hikari.HikariDataSource       : HikariPool-1 - Shutdown completed.
2026-08-21 10:57:04.288  INFO --- [main] com.portfolio.keyra.KeyraApplication     : Starting KeyraApplication using Java 21.0.10 with PID 9224 (C:\Users\valem\IdeaProjects\password_manager\target\classes started by valem in C:\Users\valem\IdeaProjects\password_manager)
2026-08-21 10:57:04.290  INFO --- [main] com.portfolio.keyra.KeyraApplication     : No active profile set, falling back to 1 default profile: "default"
2026-08-21 10:57:05.097  INFO --- [main] .s.d.r.c.RepositoryConfigurationDelegate : Bootstrapping Spring Data JPA repositories in DEFAULT mode.
2026-08-21 10:57:05.158  INFO --- [main] .s.d.r.c.RepositoryConfigurationDelegate : Finished Spring Data repository scanning in 53 ms. Found 3 JPA repository interfaces.
2026-08-21 10:57:05.668  INFO --- [main] o.s.b.w.embedded.tomcat.TomcatWebServer  : Tomcat initialized with port 8081 (http)
2026-08-21 10:57:05.680  INFO --- [main] o.apache.catalina.core.StandardService   : Starting service [Tomcat]
2026-08-21 10:57:05.681  INFO --- [main] o.apache.catalina.core.StandardEngine    : Starting Servlet engine: [Apache Tomcat/10.1.33]
2026-08-21 10:57:05.742  INFO --- [main] o.a.c.c.C.[Tomcat].[localhost].[/]       : Initializing Spring embedded WebApplicationContext
2026-08-21 10:57:05.742  INFO --- [main] w.s.c.ServletWebServerApplicationContext : Root WebApplicationContext: initialization completed in 1397 ms
2026-08-21 10:57:05.846  INFO --- [main] com.zaxxer.hikari.HikariDataSource       : HikariPool-1 - Starting...
2026-08-21 10:57:06.021  INFO --- [main] com.zaxxer.hikari.pool.HikariPool        : HikariPool-1 - Added connection org.postgresql.jdbc.PgConnection@5438fa43
2026-08-21 10:57:06.022  INFO --- [main] com.zaxxer.hikari.HikariDataSource       : HikariPool-1 - Start completed.
2026-08-21 10:57:06.168  INFO --- [main] liquibase.database                       : Set default schema name to public
2026-08-21 10:57:06.632  INFO --- [main] liquibase.changelog                      : Reading from public.databasechangelog
2026-08-21 10:57:06.687  INFO --- [main] liquibase.ui                             : Database is up to date, no changesets to execute
2026-08-21 10:57:06.690  INFO --- [main] liquibase.changelog                      : Reading from public.databasechangelog
2026-08-21 10:57:06.700  INFO --- [main] liquibase.util                           : UPDATE SUMMARY
2026-08-21 10:57:06.700  INFO --- [main] liquibase.util                           : Run:                          0
2026-08-21 10:57:06.700  INFO --- [main] liquibase.util                           : Previously run:               3
2026-08-21 10:57:06.700  INFO --- [main] liquibase.util                           : Filtered out:                 0
2026-08-21 10:57:06.700  INFO --- [main] liquibase.util                           : -------------------------------
2026-08-21 10:57:06.700  INFO --- [main] liquibase.util                           : Total change sets:            3
2026-08-21 10:57:06.701  INFO --- [main] liquibase.util                           : Update summary generated
2026-08-21 10:57:06.702  INFO --- [main] liquibase.command                        : Command execution complete
2026-08-21 10:57:06.785  INFO --- [main] o.hibernate.jpa.internal.util.LogHelper  : HHH000204: Processing PersistenceUnitInfo [name: default]
2026-08-21 10:57:06.842  INFO --- [main] org.hibernate.Version                    : HHH000412: Hibernate ORM core version 6.6.2.Final
2026-08-21 10:57:06.876  INFO --- [main] o.h.c.internal.RegionFactoryInitiator    : HHH000026: Second-level cache disabled
2026-08-21 10:57:07.152  INFO --- [main] o.s.o.j.p.SpringPersistenceUnitInfo      : No LoadTimeWeaver setup: ignoring JPA class transformer
2026-08-21 10:57:07.199  WARN --- [main] org.hibernate.orm.deprecation            : HHH90000025: PostgreSQLDialect does not need to be specified explicitly using 'hibernate.dialect' (remove the property setting and it will be selected by default)
2026-08-21 10:57:07.211  INFO --- [main] org.hibernate.orm.connections.pooling    : HHH10001005: Database info:
	Database JDBC URL [Connecting through datasource 'HikariDataSource (HikariPool-1)']
	Database driver: undefined/unknown
	Database version: 18.3
	Autocommit mode: undefined/unknown
	Isolation level: undefined/unknown
	Minimum pool size: undefined/unknown
	Maximum pool size: undefined/unknown
2026-08-21 10:57:08.157  INFO --- [main] o.h.e.t.j.p.i.JtaPlatformInitiator       : HHH000489: No JTA platform available (set 'hibernate.transaction.jta.platform' to enable JTA platform integration)
2026-08-21 10:57:08.186  INFO --- [main] j.LocalContainerEntityManagerFactoryBean : Initialized JPA EntityManagerFactory for persistence unit 'default'
2026-08-21 10:57:08.441  INFO --- [main] o.s.d.j.r.query.QueryEnhancerFactory     : Hibernate is in classpath; If applicable, HQL parser will be used.
2026-08-21 10:57:09.317  WARN --- [main] JpaBaseConfiguration$JpaWebConfiguration : spring.jpa.open-in-view is enabled by default. Therefore, database queries may be performed during view rendering. Explicitly configure spring.jpa.open-in-view to disable this warning
2026-08-21 10:57:09.342  INFO --- [main] r$InitializeUserDetailsManagerConfigurer : Global AuthenticationManager configured with UserDetailsService bean with name userDetailsService
2026-08-21 10:57:09.882  INFO --- [main] o.s.b.w.embedded.tomcat.TomcatWebServer  : Tomcat started on port 8081 (http) with context path '/'
2026-08-21 10:57:09.888  INFO --- [main] com.portfolio.keyra.KeyraApplication     : Started KeyraApplication in 6.11 seconds (process running for 6.868)
2026-08-21 10:57:11.673  INFO --- [http-nio-8081-exec-1] o.a.c.c.C.[Tomcat].[localhost].[/]       : Initializing Spring DispatcherServlet 'dispatcherServlet'
2026-08-21 10:57:11.673  INFO --- [http-nio-8081-exec-1] o.s.web.servlet.DispatcherServlet        : Initializing Servlet 'dispatcherServlet'
2026-08-21 10:57:11.674  INFO --- [http-nio-8081-exec-1] o.s.web.servlet.DispatcherServlet        : Completed initialization in 1 ms
2026-08-21 10:57:17.893  WARN --- [http-nio-8081-exec-3] c.p.k.controller.CustomErrorController   : HTTP Error 403 occurred - URI: /api/session/check, Message: Forbidden
2026-08-21 10:57:19.935  WARN --- [http-nio-8081-exec-9] c.p.k.controller.CustomErrorController   : HTTP Error 403 occurred - URI: /logout, Message: Forbidden
2026-08-21 11:00:00.002  INFO --- [scheduling-1] c.portfolio.keyra.config.ScheduledTasks  : Starting scheduled rate limit cache cleanup
2026-08-21 11:00:00.002  INFO --- [scheduling-1] c.p.keyra.service.RateLimitService       : Clearing rate limit cache - 0 entries
2026-08-21 11:00:00.002  INFO --- [scheduling-1] c.portfolio.keyra.config.ScheduledTasks  : Rate limit cache cleared - removed 0 entries
2026-08-21 11:01:04.526  INFO --- [SpringApplicationShutdownHook] o.s.b.w.e.tomcat.GracefulShutdown        : Commencing graceful shutdown. Waiting for active requests to complete
2026-08-21 11:01:04.533  INFO --- [tomcat-shutdown] o.s.b.w.e.tomcat.GracefulShutdown        : Graceful shutdown complete
2026-08-21 11:01:04.538  INFO --- [SpringApplicationShutdownHook] j.LocalContainerEntityManagerFactoryBean : Closing JPA EntityManagerFactory for persistence unit 'default'
2026-08-21 11:01:04.540  INFO --- [SpringApplicationShutdownHook] com.zaxxer.hikari.HikariDataSource       : HikariPool-1 - Shutdown initiated...
2026-08-21 11:01:04.542  INFO --- [SpringApplicationShutdownHook] com.zaxxer.hikari.HikariDataSource       : HikariPool-1 - Shutdown completed.
2026-08-21 11:01:07.437  INFO --- [main] com.portfolio.keyra.KeyraApplication     : Starting KeyraApplication using Java 21.0.10 with PID 25352 (C:\Users\valem\IdeaProjects\password_manager\target\classes started by valem in C:\Users\valem\IdeaProjects\password_manager)
2026-08-21 11:01:07.439  INFO --- [main] com.portfolio.keyra.KeyraApplication     : No active profile set, falling back to 1 default profile: "default"
2026-08-21 11:01:08.197  INFO --- [main] .s.d.r.c.RepositoryConfigurationDelegate : Bootstrapping Spring Data JPA repositories in DEFAULT mode.
2026-08-21 11:01:08.258  INFO --- [main] .s.d.r.c.RepositoryConfigurationDelegate : Finished Spring Data repository scanning in 53 ms. Found 3 JPA repository interfaces.
2026-08-21 11:01:08.763  INFO --- [main] o.s.b.w.embedded.tomcat.TomcatWebServer  : Tomcat initialized with port 8081 (http)
2026-08-21 11:01:08.776  INFO --- [main] o.apache.catalina.core.StandardService   : Starting service [Tomcat]
2026-08-21 11:01:08.777  INFO --- [main] o.apache.catalina.core.StandardEngine    : Starting Servlet engine: [Apache Tomcat/10.1.33]
2026-08-21 11:01:08.839  INFO --- [main] o.a.c.c.C.[Tomcat].[localhost].[/]       : Initializing Spring embedded WebApplicationContext
2026-08-21 11:01:08.841  INFO --- [main] w.s.c.ServletWebServerApplicationContext : Root WebApplicationContext: initialization completed in 1349 ms
2026-08-21 11:01:08.940  INFO --- [main] com.zaxxer.hikari.HikariDataSource       : HikariPool-1 - Starting...
2026-08-21 11:01:09.104  INFO --- [main] com.zaxxer.hikari.pool.HikariPool        : HikariPool-1 - Added connection org.postgresql.jdbc.PgConnection@5438fa43
2026-08-21 11:01:09.105  INFO --- [main] com.zaxxer.hikari.HikariDataSource       : HikariPool-1 - Start completed.
2026-08-21 11:01:09.238  INFO --- [main] liquibase.database                       : Set default schema name to public
2026-08-21 11:01:09.637  INFO --- [main] liquibase.changelog                      : Reading from public.databasechangelog
2026-08-21 11:01:09.682  INFO --- [main] liquibase.ui                             : Database is up to date, no changesets to execute
2026-08-21 11:01:09.684  INFO --- [main] liquibase.changelog                      : Reading from public.databasechangelog
2026-08-21 11:01:09.692  INFO --- [main] liquibase.util                           : UPDATE SUMMARY
2026-08-21 11:01:09.692  INFO --- [main] liquibase.util                           : Run:                          0
2026-08-21 11:01:09.692  INFO --- [main] liquibase.util                           : Previously run:               3
2026-08-21 11:01:09.692  INFO --- [main] liquibase.util                           : Filtered out:                 0
2026-08-21 11:01:09.692  INFO --- [main] liquibase.util                           : -------------------------------
2026-08-21 11:01:09.693  INFO --- [main] liquibase.util                           : Total change sets:            3
2026-08-21 11:01:09.693  INFO --- [main] liquibase.util                           : Update summary generated
2026-08-21 11:01:09.694  INFO --- [main] liquibase.command                        : Command execution complete
2026-08-21 11:01:09.767  INFO --- [main] o.hibernate.jpa.internal.util.LogHelper  : HHH000204: Processing PersistenceUnitInfo [name: default]
2026-08-21 11:01:09.829  INFO --- [main] org.hibernate.Version                    : HHH000412: Hibernate ORM core version 6.6.2.Final
2026-08-21 11:01:09.861  INFO --- [main] o.h.c.internal.RegionFactoryInitiator    : HHH000026: Second-level cache disabled
2026-08-21 11:01:10.114  INFO --- [main] o.s.o.j.p.SpringPersistenceUnitInfo      : No LoadTimeWeaver setup: ignoring JPA class transformer
2026-08-21 11:01:10.161  WARN --- [main] org.hibernate.orm.deprecation            : HHH90000025: PostgreSQLDialect does not need to be specified explicitly using 'hibernate.dialect' (remove the property setting and it will be selected by default)
2026-08-21 11:01:10.174  INFO --- [main] org.hibernate.orm.connections.pooling    : HHH10001005: Database info:
	Database JDBC URL [Connecting through datasource 'HikariDataSource (HikariPool-1)']
	Database driver: undefined/unknown
	Database version: 18.3
	Autocommit mode: undefined/unknown
	Isolation level: undefined/unknown
	Minimum pool size: undefined/unknown
	Maximum pool size: undefined/unknown
2026-08-21 11:01:11.143  INFO --- [main] o.h.e.t.j.p.i.JtaPlatformInitiator       : HHH000489: No JTA platform available (set 'hibernate.transaction.jta.platform' to enable JTA platform integration)
2026-08-21 11:01:11.177  INFO --- [main] j.LocalContainerEntityManagerFactoryBean : Initialized JPA EntityManagerFactory for persistence unit 'default'
2026-08-21 11:01:11.456  INFO --- [main] o.s.d.j.r.query.QueryEnhancerFactory     : Hibernate is in classpath; If applicable, HQL parser will be used.
2026-08-21 11:01:12.289  WARN --- [main] JpaBaseConfiguration$JpaWebConfiguration : spring.jpa.open-in-view is enabled by default. Therefore, database queries may be performed during view rendering. Explicitly configure spring.jpa.open-in-view to disable this warning
2026-08-21 11:01:12.310  INFO --- [main] r$InitializeUserDetailsManagerConfigurer : Global AuthenticationManager configured with UserDetailsService bean with name userDetailsService
2026-08-21 11:01:12.819  INFO --- [main] o.s.b.w.embedded.tomcat.TomcatWebServer  : Tomcat started on port 8081 (http) with context path '/'
2026-08-21 11:01:12.827  INFO --- [main] com.portfolio.keyra.KeyraApplication     : Started KeyraApplication in 5.825 seconds (process running for 7.208)
2026-08-21 11:01:15.899  INFO --- [http-nio-8081-exec-1] o.a.c.c.C.[Tomcat].[localhost].[/]       : Initializing Spring DispatcherServlet 'dispatcherServlet'
2026-08-21 11:01:15.900  INFO --- [http-nio-8081-exec-1] o.s.web.servlet.DispatcherServlet        : Initializing Servlet 'dispatcherServlet'
2026-08-21 11:01:15.901  INFO --- [http-nio-8081-exec-1] o.s.web.servlet.DispatcherServlet        : Completed initialization in 0 ms
2026-08-21 11:01:25.591  INFO --- [SpringApplicationShutdownHook] o.s.b.w.e.tomcat.GracefulShutdown        : Commencing graceful shutdown. Waiting for active requests to complete
2026-08-21 11:01:25.597  INFO --- [tomcat-shutdown] o.s.b.w.e.tomcat.GracefulShutdown        : Graceful shutdown complete
2026-08-21 11:01:25.600  INFO --- [SpringApplicationShutdownHook] j.LocalContainerEntityManagerFactoryBean : Closing JPA EntityManagerFactory for persistence unit 'default'
2026-08-21 11:01:25.602  INFO --- [SpringApplicationShutdownHook] com.zaxxer.hikari.HikariDataSource       : HikariPool-1 - Shutdown initiated...
2026-08-21 11:01:25.605  INFO --- [SpringApplicationShutdownHook] com.zaxxer.hikari.HikariDataSource       : HikariPool-1 - Shutdown completed.
2026-08-21 11:01:28.434  INFO --- [main] com.portfolio.keyra.KeyraApplication     : Starting KeyraApplication using Java 21.0.10 with PID 7668 (C:\Users\valem\IdeaProjects\password_manager\target\classes started by valem in C:\Users\valem\IdeaProjects\password_manager)
2026-08-21 11:01:28.436  INFO --- [main] com.portfolio.keyra.KeyraApplication     : No active profile set, falling back to 1 default profile: "default"
2026-08-21 11:01:29.193  INFO --- [main] .s.d.r.c.RepositoryConfigurationDelegate : Bootstrapping Spring Data JPA repositories in DEFAULT mode.
2026-08-21 11:01:29.255  INFO --- [main] .s.d.r.c.RepositoryConfigurationDelegate : Finished Spring Data repository scanning in 53 ms. Found 3 JPA repository interfaces.
2026-08-21 11:01:29.768  INFO --- [main] o.s.b.w.embedded.tomcat.TomcatWebServer  : Tomcat initialized with port 8081 (http)
2026-08-21 11:01:29.779  INFO --- [main] o.apache.catalina.core.StandardService   : Starting service [Tomcat]
2026-08-21 11:01:29.779  INFO --- [main] o.apache.catalina.core.StandardEngine    : Starting Servlet engine: [Apache Tomcat/10.1.33]
2026-08-21 11:01:29.840  INFO --- [main] o.a.c.c.C.[Tomcat].[localhost].[/]       : Initializing Spring embedded WebApplicationContext
2026-08-21 11:01:29.840  INFO --- [main] w.s.c.ServletWebServerApplicationContext : Root WebApplicationContext: initialization completed in 1354 ms
2026-08-21 11:01:29.942  INFO --- [main] com.zaxxer.hikari.HikariDataSource       : HikariPool-1 - Starting...
2026-08-21 11:01:30.209  INFO --- [main] com.zaxxer.hikari.pool.HikariPool        : HikariPool-1 - Added connection org.postgresql.jdbc.PgConnection@5df7e31b
2026-08-21 11:01:30.210  INFO --- [main] com.zaxxer.hikari.HikariDataSource       : HikariPool-1 - Start completed.
2026-08-21 11:01:30.339  INFO --- [main] liquibase.database                       : Set default schema name to public
2026-08-21 11:01:30.741  INFO --- [main] liquibase.changelog                      : Reading from public.databasechangelog
2026-08-21 11:01:30.789  INFO --- [main] liquibase.ui                             : Database is up to date, no changesets to execute
2026-08-21 11:01:30.791  INFO --- [main] liquibase.changelog                      : Reading from public.databasechangelog
2026-08-21 11:01:30.798  INFO --- [main] liquibase.util                           : UPDATE SUMMARY
2026-08-21 11:01:30.798  INFO --- [main] liquibase.util                           : Run:                          0
2026-08-21 11:01:30.798  INFO --- [main] liquibase.util                           : Previously run:               3
2026-08-21 11:01:30.798  INFO --- [main] liquibase.util                           : Filtered out:                 0
2026-08-21 11:01:30.798  INFO --- [main] liquibase.util                           : -------------------------------
2026-08-21 11:01:30.799  INFO --- [main] liquibase.util                           : Total change sets:            3
2026-08-21 11:01:30.799  INFO --- [main] liquibase.util                           : Update summary generated
2026-08-21 11:01:30.800  INFO --- [main] liquibase.command                        : Command execution complete
2026-08-21 11:01:30.871  INFO --- [main] o.hibernate.jpa.internal.util.LogHelper  : HHH000204: Processing PersistenceUnitInfo [name: default]
2026-08-21 11:01:30.928  INFO --- [main] org.hibernate.Version                    : HHH000412: Hibernate ORM core version 6.6.2.Final
2026-08-21 11:01:30.960  INFO --- [main] o.h.c.internal.RegionFactoryInitiator    : HHH000026: Second-level cache disabled
2026-08-21 11:01:31.215  INFO --- [main] o.s.o.j.p.SpringPersistenceUnitInfo      : No LoadTimeWeaver setup: ignoring JPA class transformer
2026-08-21 11:01:31.258  WARN --- [main] org.hibernate.orm.deprecation            : HHH90000025: PostgreSQLDialect does not need to be specified explicitly using 'hibernate.dialect' (remove the property setting and it will be selected by default)
2026-08-21 11:01:31.272  INFO --- [main] org.hibernate.orm.connections.pooling    : HHH10001005: Database info:
	Database JDBC URL [Connecting through datasource 'HikariDataSource (HikariPool-1)']
	Database driver: undefined/unknown
	Database version: 18.3
	Autocommit mode: undefined/unknown
	Isolation level: undefined/unknown
	Minimum pool size: undefined/unknown
	Maximum pool size: undefined/unknown
2026-08-21 11:01:32.170  INFO --- [main] o.h.e.t.j.p.i.JtaPlatformInitiator       : HHH000489: No JTA platform available (set 'hibernate.transaction.jta.platform' to enable JTA platform integration)
2026-08-21 11:01:32.201  INFO --- [main] j.LocalContainerEntityManagerFactoryBean : Initialized JPA EntityManagerFactory for persistence unit 'default'
2026-08-21 11:01:32.474  INFO --- [main] o.s.d.j.r.query.QueryEnhancerFactory     : Hibernate is in classpath; If applicable, HQL parser will be used.
2026-08-21 11:01:33.255  WARN --- [main] JpaBaseConfiguration$JpaWebConfiguration : spring.jpa.open-in-view is enabled by default. Therefore, database queries may be performed during view rendering. Explicitly configure spring.jpa.open-in-view to disable this warning
2026-08-21 11:01:33.276  INFO --- [main] r$InitializeUserDetailsManagerConfigurer : Global AuthenticationManager configured with UserDetailsService bean with name userDetailsService
2026-08-21 11:01:33.796  INFO --- [main] o.s.b.w.embedded.tomcat.TomcatWebServer  : Tomcat started on port 8081 (http) with context path '/'
2026-08-21 11:01:33.806  INFO --- [main] com.portfolio.keyra.KeyraApplication     : Started KeyraApplication in 5.861 seconds (process running for 6.903)
2026-08-21 11:01:44.410  INFO --- [http-nio-8081-exec-1] o.a.c.c.C.[Tomcat].[localhost].[/]       : Initializing Spring DispatcherServlet 'dispatcherServlet'
2026-08-21 11:01:44.410  INFO --- [http-nio-8081-exec-1] o.s.web.servlet.DispatcherServlet        : Initializing Servlet 'dispatcherServlet'
2026-08-21 11:01:44.412  INFO --- [http-nio-8081-exec-1] o.s.web.servlet.DispatcherServlet        : Completed initialization in 2 ms
2026-08-21 11:01:49.025  INFO --- [SpringApplicationShutdownHook] o.s.b.w.e.tomcat.GracefulShutdown        : Commencing graceful shutdown. Waiting for active requests to complete
2026-08-21 11:01:49.030  INFO --- [tomcat-shutdown] o.s.b.w.e.tomcat.GracefulShutdown        : Graceful shutdown complete
2026-08-21 11:01:49.034  INFO --- [SpringApplicationShutdownHook] j.LocalContainerEntityManagerFactoryBean : Closing JPA EntityManagerFactory for persistence unit 'default'
2026-08-21 11:01:49.036  INFO --- [SpringApplicationShutdownHook] com.zaxxer.hikari.HikariDataSource       : HikariPool-1 - Shutdown initiated...
2026-08-21 11:01:49.038  INFO --- [SpringApplicationShutdownHook] com.zaxxer.hikari.HikariDataSource       : HikariPool-1 - Shutdown completed.
2026-08-21 11:01:52.211  INFO --- [main] com.portfolio.keyra.KeyraApplication     : Starting KeyraApplication using Java 21.0.10 with PID 18216 (C:\Users\valem\IdeaProjects\password_manager\target\classes started by valem in C:\Users\valem\IdeaProjects\password_manager)
2026-08-21 11:01:52.214  INFO --- [main] com.portfolio.keyra.KeyraApplication     : No active profile set, falling back to 1 default profile: "default"
2026-08-21 11:01:52.943  INFO --- [main] .s.d.r.c.RepositoryConfigurationDelegate : Bootstrapping Spring Data JPA repositories in DEFAULT mode.
2026-08-21 11:01:53.020  INFO --- [main] .s.d.r.c.RepositoryConfigurationDelegate : Finished Spring Data repository scanning in 67 ms. Found 3 JPA repository interfaces.
2026-08-21 11:01:53.583  INFO --- [main] o.s.b.w.embedded.tomcat.TomcatWebServer  : Tomcat initialized with port 8081 (http)
2026-08-21 11:01:53.597  INFO --- [main] o.apache.catalina.core.StandardService   : Starting service [Tomcat]
2026-08-21 11:01:53.598  INFO --- [main] o.apache.catalina.core.StandardEngine    : Starting Servlet engine: [Apache Tomcat/10.1.33]
2026-08-21 11:01:53.661  INFO --- [main] o.a.c.c.C.[Tomcat].[localhost].[/]       : Initializing Spring embedded WebApplicationContext
2026-08-21 11:01:53.661  INFO --- [main] w.s.c.ServletWebServerApplicationContext : Root WebApplicationContext: initialization completed in 1397 ms
2026-08-21 11:01:53.766  INFO --- [main] com.zaxxer.hikari.HikariDataSource       : HikariPool-1 - Starting...
2026-08-21 11:01:53.932  INFO --- [main] com.zaxxer.hikari.pool.HikariPool        : HikariPool-1 - Added connection org.postgresql.jdbc.PgConnection@5438fa43
2026-08-21 11:01:53.934  INFO --- [main] com.zaxxer.hikari.HikariDataSource       : HikariPool-1 - Start completed.
2026-08-21 11:01:54.067  INFO --- [main] liquibase.database                       : Set default schema name to public
2026-08-21 11:01:54.512  INFO --- [main] liquibase.changelog                      : Reading from public.databasechangelog
2026-08-21 11:01:54.564  INFO --- [main] liquibase.ui                             : Database is up to date, no changesets to execute
2026-08-21 11:01:54.565  INFO --- [main] liquibase.changelog                      : Reading from public.databasechangelog
2026-08-21 11:01:54.573  INFO --- [main] liquibase.util                           : UPDATE SUMMARY
2026-08-21 11:01:54.573  INFO --- [main] liquibase.util                           : Run:                          0
2026-08-21 11:01:54.574  INFO --- [main] liquibase.util                           : Previously run:               3
2026-08-21 11:01:54.574  INFO --- [main] liquibase.util                           : Filtered out:                 0
2026-08-21 11:01:54.574  INFO --- [main] liquibase.util                           : -------------------------------
2026-08-21 11:01:54.574  INFO --- [main] liquibase.util                           : Total change sets:            3
2026-08-21 11:01:54.574  INFO --- [main] liquibase.util                           : Update summary generated
2026-08-21 11:01:54.575  INFO --- [main] liquibase.command                        : Command execution complete
2026-08-21 11:01:54.648  INFO --- [main] o.hibernate.jpa.internal.util.LogHelper  : HHH000204: Processing PersistenceUnitInfo [name: default]
2026-08-21 11:01:54.703  INFO --- [main] org.hibernate.Version                    : HHH000412: Hibernate ORM core version 6.6.2.Final
2026-08-21 11:01:54.737  INFO --- [main] o.h.c.internal.RegionFactoryInitiator    : HHH000026: Second-level cache disabled
2026-08-21 11:01:54.985  INFO --- [main] o.s.o.j.p.SpringPersistenceUnitInfo      : No LoadTimeWeaver setup: ignoring JPA class transformer
2026-08-21 11:01:55.029  WARN --- [main] org.hibernate.orm.deprecation            : HHH90000025: PostgreSQLDialect does not need to be specified explicitly using 'hibernate.dialect' (remove the property setting and it will be selected by default)
2026-08-21 11:01:55.041  INFO --- [main] org.hibernate.orm.connections.pooling    : HHH10001005: Database info:
	Database JDBC URL [Connecting through datasource 'HikariDataSource (HikariPool-1)']
	Database driver: undefined/unknown
	Database version: 18.3
	Autocommit mode: undefined/unknown
	Isolation level: undefined/unknown
	Minimum pool size: undefined/unknown
	Maximum pool size: undefined/unknown
2026-08-21 11:01:56.039  INFO --- [main] o.h.e.t.j.p.i.JtaPlatformInitiator       : HHH000489: No JTA platform available (set 'hibernate.transaction.jta.platform' to enable JTA platform integration)
2026-08-21 11:01:56.072  INFO --- [main] j.LocalContainerEntityManagerFactoryBean : Initialized JPA EntityManagerFactory for persistence unit 'default'
2026-08-21 11:01:56.311  INFO --- [main] o.s.d.j.r.query.QueryEnhancerFactory     : Hibernate is in classpath; If applicable, HQL parser will be used.
2026-08-21 11:01:57.064  WARN --- [main] JpaBaseConfiguration$JpaWebConfiguration : spring.jpa.open-in-view is enabled by default. Therefore, database queries may be performed during view rendering. Explicitly configure spring.jpa.open-in-view to disable this warning
2026-08-21 11:01:57.082  INFO --- [main] r$InitializeUserDetailsManagerConfigurer : Global AuthenticationManager configured with UserDetailsService bean with name userDetailsService
2026-08-21 11:01:57.592  INFO --- [main] o.s.b.w.embedded.tomcat.TomcatWebServer  : Tomcat started on port 8081 (http) with context path '/'
2026-08-21 11:01:57.602  INFO --- [main] com.portfolio.keyra.KeyraApplication     : Started KeyraApplication in 5.852 seconds (process running for 6.485)
2026-08-21 11:04:11.731  INFO --- [http-nio-8081-exec-1] o.a.c.c.C.[Tomcat].[localhost].[/]       : Initializing Spring DispatcherServlet 'dispatcherServlet'
2026-08-21 11:04:11.731  INFO --- [http-nio-8081-exec-1] o.s.web.servlet.DispatcherServlet        : Initializing Servlet 'dispatcherServlet'
2026-08-21 11:04:11.732  INFO --- [http-nio-8081-exec-1] o.s.web.servlet.DispatcherServlet        : Completed initialization in 1 ms
2026-08-21 11:04:18.937  INFO --- [SpringApplicationShutdownHook] o.s.b.w.e.tomcat.GracefulShutdown        : Commencing graceful shutdown. Waiting for active requests to complete
2026-08-21 11:04:18.944  INFO --- [tomcat-shutdown] o.s.b.w.e.tomcat.GracefulShutdown        : Graceful shutdown complete
2026-08-21 11:04:18.948  INFO --- [SpringApplicationShutdownHook] j.LocalContainerEntityManagerFactoryBean : Closing JPA EntityManagerFactory for persistence unit 'default'
2026-08-21 11:04:18.949  INFO --- [SpringApplicationShutdownHook] com.zaxxer.hikari.HikariDataSource       : HikariPool-1 - Shutdown initiated...
2026-08-21 11:04:18.952  INFO --- [SpringApplicationShutdownHook] com.zaxxer.hikari.HikariDataSource       : HikariPool-1 - Shutdown completed.
2026-08-21 11:04:21.731  INFO --- [main] com.portfolio.keyra.KeyraApplication     : Starting KeyraApplication using Java 21.0.10 with PID 9520 (C:\Users\valem\IdeaProjects\password_manager\target\classes started by valem in C:\Users\valem\IdeaProjects\password_manager)
2026-08-21 11:04:21.733  INFO --- [main] com.portfolio.keyra.KeyraApplication     : No active profile set, falling back to 1 default profile: "default"
2026-08-21 11:04:22.474  INFO --- [main] .s.d.r.c.RepositoryConfigurationDelegate : Bootstrapping Spring Data JPA repositories in DEFAULT mode.
2026-08-21 11:04:22.533  INFO --- [main] .s.d.r.c.RepositoryConfigurationDelegate : Finished Spring Data repository scanning in 51 ms. Found 3 JPA repository interfaces.
2026-08-21 11:04:23.019  INFO --- [main] o.s.b.w.embedded.tomcat.TomcatWebServer  : Tomcat initialized with port 8081 (http)
2026-08-21 11:04:23.031  INFO --- [main] o.apache.catalina.core.StandardService   : Starting service [Tomcat]
2026-08-21 11:04:23.031  INFO --- [main] o.apache.catalina.core.StandardEngine    : Starting Servlet engine: [Apache Tomcat/10.1.33]
2026-08-21 11:04:23.095  INFO --- [main] o.a.c.c.C.[Tomcat].[localhost].[/]       : Initializing Spring embedded WebApplicationContext
2026-08-21 11:04:23.095  INFO --- [main] w.s.c.ServletWebServerApplicationContext : Root WebApplicationContext: initialization completed in 1318 ms
2026-08-21 11:04:23.195  INFO --- [main] com.zaxxer.hikari.HikariDataSource       : HikariPool-1 - Starting...
2026-08-21 11:04:23.359  INFO --- [main] com.zaxxer.hikari.pool.HikariPool        : HikariPool-1 - Added connection org.postgresql.jdbc.PgConnection@2ca54da9
2026-08-21 11:04:23.361  INFO --- [main] com.zaxxer.hikari.HikariDataSource       : HikariPool-1 - Start completed.
2026-08-21 11:04:23.520  INFO --- [main] liquibase.database                       : Set default schema name to public
2026-08-21 11:04:23.927  INFO --- [main] liquibase.changelog                      : Reading from public.databasechangelog
2026-08-21 11:04:23.972  INFO --- [main] liquibase.ui                             : Database is up to date, no changesets to execute
2026-08-21 11:04:23.974  INFO --- [main] liquibase.changelog                      : Reading from public.databasechangelog
2026-08-21 11:04:23.981  INFO --- [main] liquibase.util                           : UPDATE SUMMARY
2026-08-21 11:04:23.982  INFO --- [main] liquibase.util                           : Run:                          0
2026-08-21 11:04:23.982  INFO --- [main] liquibase.util                           : Previously run:               3
2026-08-21 11:04:23.982  INFO --- [main] liquibase.util                           : Filtered out:                 0
2026-08-21 11:04:23.982  INFO --- [main] liquibase.util                           : -------------------------------
2026-08-21 11:04:23.982  INFO --- [main] liquibase.util                           : Total change sets:            3
2026-08-21 11:04:23.983  INFO --- [main] liquibase.util                           : Update summary generated
2026-08-21 11:04:23.984  INFO --- [main] liquibase.command                        : Command execution complete
2026-08-21 11:04:24.057  INFO --- [main] o.hibernate.jpa.internal.util.LogHelper  : HHH000204: Processing PersistenceUnitInfo [name: default]
2026-08-21 11:04:24.118  INFO --- [main] org.hibernate.Version                    : HHH000412: Hibernate ORM core version 6.6.2.Final
2026-08-21 11:04:24.149  INFO --- [main] o.h.c.internal.RegionFactoryInitiator    : HHH000026: Second-level cache disabled
2026-08-21 11:04:24.446  INFO --- [main] o.s.o.j.p.SpringPersistenceUnitInfo      : No LoadTimeWeaver setup: ignoring JPA class transformer
2026-08-21 11:04:24.496  WARN --- [main] org.hibernate.orm.deprecation            : HHH90000025: PostgreSQLDialect does not need to be specified explicitly using 'hibernate.dialect' (remove the property setting and it will be selected by default)
2026-08-21 11:04:24.512  INFO --- [main] org.hibernate.orm.connections.pooling    : HHH10001005: Database info:
	Database JDBC URL [Connecting through datasource 'HikariDataSource (HikariPool-1)']
	Database driver: undefined/unknown
	Database version: 18.3
	Autocommit mode: undefined/unknown
	Isolation level: undefined/unknown
	Minimum pool size: undefined/unknown
	Maximum pool size: undefined/unknown
2026-08-21 11:04:25.485  INFO --- [main] o.h.e.t.j.p.i.JtaPlatformInitiator       : HHH000489: No JTA platform available (set 'hibernate.transaction.jta.platform' to enable JTA platform integration)
2026-08-21 11:04:25.549  INFO --- [main] j.LocalContainerEntityManagerFactoryBean : Initialized JPA EntityManagerFactory for persistence unit 'default'
2026-08-21 11:04:25.840  INFO --- [main] o.s.d.j.r.query.QueryEnhancerFactory     : Hibernate is in classpath; If applicable, HQL parser will be used.
2026-08-21 11:04:26.594  WARN --- [main] JpaBaseConfiguration$JpaWebConfiguration : spring.jpa.open-in-view is enabled by default. Therefore, database queries may be performed during view rendering. Explicitly configure spring.jpa.open-in-view to disable this warning
2026-08-21 11:04:26.613  INFO --- [main] r$InitializeUserDetailsManagerConfigurer : Global AuthenticationManager configured with UserDetailsService bean with name userDetailsService
2026-08-21 11:04:27.102  INFO --- [main] o.s.b.w.embedded.tomcat.TomcatWebServer  : Tomcat started on port 8081 (http) with context path '/'
2026-08-21 11:04:27.111  INFO --- [main] com.portfolio.keyra.KeyraApplication     : Started KeyraApplication in 5.801 seconds (process running for 6.434)
2026-08-21 11:04:29.081  INFO --- [http-nio-8081-exec-1] o.a.c.c.C.[Tomcat].[localhost].[/]       : Initializing Spring DispatcherServlet 'dispatcherServlet'
2026-08-21 11:04:29.081  INFO --- [http-nio-8081-exec-1] o.s.web.servlet.DispatcherServlet        : Initializing Servlet 'dispatcherServlet'
2026-08-21 11:04:29.082  INFO --- [http-nio-8081-exec-1] o.s.web.servlet.DispatcherServlet        : Completed initialization in 1 ms
2026-08-21 11:06:03.874  INFO --- [SpringApplicationShutdownHook] o.s.b.w.e.tomcat.GracefulShutdown        : Commencing graceful shutdown. Waiting for active requests to complete
2026-08-21 11:06:03.879  INFO --- [tomcat-shutdown] o.s.b.w.e.tomcat.GracefulShutdown        : Graceful shutdown complete
2026-08-21 11:06:03.883  INFO --- [SpringApplicationShutdownHook] j.LocalContainerEntityManagerFactoryBean : Closing JPA EntityManagerFactory for persistence unit 'default'
2026-08-21 11:06:03.884  INFO --- [SpringApplicationShutdownHook] com.zaxxer.hikari.HikariDataSource       : HikariPool-1 - Shutdown initiated...
2026-08-21 11:06:03.887  INFO --- [SpringApplicationShutdownHook] com.zaxxer.hikari.HikariDataSource       : HikariPool-1 - Shutdown completed.
2026-08-21 11:06:06.591  INFO --- [main] com.portfolio.keyra.KeyraApplication     : Starting KeyraApplication using Java 21.0.10 with PID 32300 (C:\Users\valem\IdeaProjects\password_manager\target\classes started by valem in C:\Users\valem\IdeaProjects\password_manager)
2026-08-21 11:06:06.593  INFO --- [main] com.portfolio.keyra.KeyraApplication     : No active profile set, falling back to 1 default profile: "default"
2026-08-21 11:06:07.273  INFO --- [main] .s.d.r.c.RepositoryConfigurationDelegate : Bootstrapping Spring Data JPA repositories in DEFAULT mode.
2026-08-21 11:06:07.333  INFO --- [main] .s.d.r.c.RepositoryConfigurationDelegate : Finished Spring Data repository scanning in 52 ms. Found 3 JPA repository interfaces.
2026-08-21 11:06:07.816  INFO --- [main] o.s.b.w.embedded.tomcat.TomcatWebServer  : Tomcat initialized with port 8081 (http)
2026-08-21 11:06:07.829  INFO --- [main] o.apache.catalina.core.StandardService   : Starting service [Tomcat]
2026-08-21 11:06:07.829  INFO --- [main] o.apache.catalina.core.StandardEngine    : Starting Servlet engine: [Apache Tomcat/10.1.33]
2026-08-21 11:06:07.892  INFO --- [main] o.a.c.c.C.[Tomcat].[localhost].[/]       : Initializing Spring embedded WebApplicationContext
2026-08-21 11:06:07.892  INFO --- [main] w.s.c.ServletWebServerApplicationContext : Root WebApplicationContext: initialization completed in 1250 ms
2026-08-21 11:06:07.993  INFO --- [main] com.zaxxer.hikari.HikariDataSource       : HikariPool-1 - Starting...
2026-08-21 11:06:08.159  INFO --- [main] com.zaxxer.hikari.pool.HikariPool        : HikariPool-1 - Added connection org.postgresql.jdbc.PgConnection@5438fa43
2026-08-21 11:06:08.160  INFO --- [main] com.zaxxer.hikari.HikariDataSource       : HikariPool-1 - Start completed.
2026-08-21 11:06:08.293  INFO --- [main] liquibase.database                       : Set default schema name to public
2026-08-21 11:06:08.684  INFO --- [main] liquibase.changelog                      : Reading from public.databasechangelog
2026-08-21 11:06:08.727  INFO --- [main] liquibase.ui                             : Database is up to date, no changesets to execute
2026-08-21 11:06:08.728  INFO --- [main] liquibase.changelog                      : Reading from public.databasechangelog
2026-08-21 11:06:08.735  INFO --- [main] liquibase.util                           : UPDATE SUMMARY
2026-08-21 11:06:08.735  INFO --- [main] liquibase.util                           : Run:                          0
2026-08-21 11:06:08.735  INFO --- [main] liquibase.util                           : Previously run:               3
2026-08-21 11:06:08.735  INFO --- [main] liquibase.util                           : Filtered out:                 0
2026-08-21 11:06:08.735  INFO --- [main] liquibase.util                           : -------------------------------
2026-08-21 11:06:08.735  INFO --- [main] liquibase.util                           : Total change sets:            3
2026-08-21 11:06:08.736  INFO --- [main] liquibase.util                           : Update summary generated
2026-08-21 11:06:08.737  INFO --- [main] liquibase.command                        : Command execution complete
2026-08-21 11:06:08.812  INFO --- [main] o.hibernate.jpa.internal.util.LogHelper  : HHH000204: Processing PersistenceUnitInfo [name: default]
2026-08-21 11:06:08.869  INFO --- [main] org.hibernate.Version                    : HHH000412: Hibernate ORM core version 6.6.2.Final
2026-08-21 11:06:08.906  INFO --- [main] o.h.c.internal.RegionFactoryInitiator    : HHH000026: Second-level cache disabled
2026-08-21 11:06:09.165  INFO --- [main] o.s.o.j.p.SpringPersistenceUnitInfo      : No LoadTimeWeaver setup: ignoring JPA class transformer
2026-08-21 11:06:09.208  WARN --- [main] org.hibernate.orm.deprecation            : HHH90000025: PostgreSQLDialect does not need to be specified explicitly using 'hibernate.dialect' (remove the property setting and it will be selected by default)
2026-08-21 11:06:09.222  INFO --- [main] org.hibernate.orm.connections.pooling    : HHH10001005: Database info:
	Database JDBC URL [Connecting through datasource 'HikariDataSource (HikariPool-1)']
	Database driver: undefined/unknown
	Database version: 18.3
	Autocommit mode: undefined/unknown
	Isolation level: undefined/unknown
	Minimum pool size: undefined/unknown
	Maximum pool size: undefined/unknown
2026-08-21 11:06:10.104  INFO --- [main] o.h.e.t.j.p.i.JtaPlatformInitiator       : HHH000489: No JTA platform available (set 'hibernate.transaction.jta.platform' to enable JTA platform integration)
2026-08-21 11:06:10.136  INFO --- [main] j.LocalContainerEntityManagerFactoryBean : Initialized JPA EntityManagerFactory for persistence unit 'default'
2026-08-21 11:06:10.398  INFO --- [main] o.s.d.j.r.query.QueryEnhancerFactory     : Hibernate is in classpath; If applicable, HQL parser will be used.
2026-08-21 11:06:11.236  WARN --- [main] JpaBaseConfiguration$JpaWebConfiguration : spring.jpa.open-in-view is enabled by default. Therefore, database queries may be performed during view rendering. Explicitly configure spring.jpa.open-in-view to disable this warning
2026-08-21 11:06:11.255  INFO --- [main] r$InitializeUserDetailsManagerConfigurer : Global AuthenticationManager configured with UserDetailsService bean with name userDetailsService
2026-08-21 11:06:11.739  INFO --- [main] o.s.b.w.embedded.tomcat.TomcatWebServer  : Tomcat started on port 8081 (http) with context path '/'
2026-08-21 11:06:11.747  INFO --- [main] com.portfolio.keyra.KeyraApplication     : Started KeyraApplication in 5.583 seconds (process running for 6.248)
2026-08-21 11:06:24.182  INFO --- [http-nio-8081-exec-1] o.a.c.c.C.[Tomcat].[localhost].[/]       : Initializing Spring DispatcherServlet 'dispatcherServlet'
2026-08-21 11:06:24.182  INFO --- [http-nio-8081-exec-1] o.s.web.servlet.DispatcherServlet        : Initializing Servlet 'dispatcherServlet'
2026-08-21 11:06:24.183  INFO --- [http-nio-8081-exec-1] o.s.web.servlet.DispatcherServlet        : Completed initialization in 0 ms
2026-08-21 11:08:06.026  INFO --- [http-nio-8081-exec-10] p.k.c.CustomAuthenticationSuccessHandler : Session ID: D9110586AF09164E38F579892FF6FE88
2026-08-21 11:08:06.026  INFO --- [http-nio-8081-exec-10] p.k.c.CustomAuthenticationSuccessHandler : Session max inactive interval: 1800 seconds
2026-08-21 11:10:04.627  INFO --- [SpringApplicationShutdownHook] o.s.b.w.e.tomcat.GracefulShutdown        : Commencing graceful shutdown. Waiting for active requests to complete
2026-08-21 11:10:04.633  INFO --- [tomcat-shutdown] o.s.b.w.e.tomcat.GracefulShutdown        : Graceful shutdown complete
2026-08-21 11:10:04.638  INFO --- [SpringApplicationShutdownHook] j.LocalContainerEntityManagerFactoryBean : Closing JPA EntityManagerFactory for persistence unit 'default'
2026-08-21 11:10:04.640  INFO --- [SpringApplicationShutdownHook] com.zaxxer.hikari.HikariDataSource       : HikariPool-1 - Shutdown initiated...
2026-08-21 11:10:04.642  INFO --- [SpringApplicationShutdownHook] com.zaxxer.hikari.HikariDataSource       : HikariPool-1 - Shutdown completed.
2026-08-21 11:10:07.199  INFO --- [main] com.portfolio.keyra.KeyraApplication     : Starting KeyraApplication using Java 21.0.10 with PID 22552 (C:\Users\valem\IdeaProjects\password_manager\target\classes started by valem in C:\Users\valem\IdeaProjects\password_manager)
2026-08-21 11:10:07.201  INFO --- [main] com.portfolio.keyra.KeyraApplication     : No active profile set, falling back to 1 default profile: "default"
2026-08-21 11:10:07.861  INFO --- [main] .s.d.r.c.RepositoryConfigurationDelegate : Bootstrapping Spring Data JPA repositories in DEFAULT mode.
2026-08-21 11:10:07.919  INFO --- [main] .s.d.r.c.RepositoryConfigurationDelegate : Finished Spring Data repository scanning in 49 ms. Found 3 JPA repository interfaces.
2026-08-21 11:10:08.383  INFO --- [main] o.s.b.w.embedded.tomcat.TomcatWebServer  : Tomcat initialized with port 8081 (http)
2026-08-21 11:10:08.394  INFO --- [main] o.apache.catalina.core.StandardService   : Starting service [Tomcat]
2026-08-21 11:10:08.394  INFO --- [main] o.apache.catalina.core.StandardEngine    : Starting Servlet engine: [Apache Tomcat/10.1.33]
2026-08-21 11:10:08.456  INFO --- [main] o.a.c.c.C.[Tomcat].[localhost].[/]       : Initializing Spring embedded WebApplicationContext
2026-08-21 11:10:08.456  INFO --- [main] w.s.c.ServletWebServerApplicationContext : Root WebApplicationContext: initialization completed in 1210 ms
2026-08-21 11:10:08.553  INFO --- [main] com.zaxxer.hikari.HikariDataSource       : HikariPool-1 - Starting...
2026-08-21 11:10:08.726  INFO --- [main] com.zaxxer.hikari.pool.HikariPool        : HikariPool-1 - Added connection org.postgresql.jdbc.PgConnection@496cc217
2026-08-21 11:10:08.729  INFO --- [main] com.zaxxer.hikari.HikariDataSource       : HikariPool-1 - Start completed.
2026-08-21 11:10:08.852  INFO --- [main] liquibase.database                       : Set default schema name to public
2026-08-21 11:10:09.228  INFO --- [main] liquibase.changelog                      : Reading from public.databasechangelog
2026-08-21 11:10:09.270  INFO --- [main] liquibase.ui                             : Database is up to date, no changesets to execute
2026-08-21 11:10:09.271  INFO --- [main] liquibase.changelog                      : Reading from public.databasechangelog
2026-08-21 11:10:09.278  INFO --- [main] liquibase.util                           : UPDATE SUMMARY
2026-08-21 11:10:09.278  INFO --- [main] liquibase.util                           : Run:                          0
2026-08-21 11:10:09.278  INFO --- [main] liquibase.util                           : Previously run:               3
2026-08-21 11:10:09.278  INFO --- [main] liquibase.util                           : Filtered out:                 0
2026-08-21 11:10:09.279  INFO --- [main] liquibase.util                           : -------------------------------
2026-08-21 11:10:09.279  INFO --- [main] liquibase.util                           : Total change sets:            3
2026-08-21 11:10:09.279  INFO --- [main] liquibase.util                           : Update summary generated
2026-08-21 11:10:09.280  INFO --- [main] liquibase.command                        : Command execution complete
2026-08-21 11:10:09.348  INFO --- [main] o.hibernate.jpa.internal.util.LogHelper  : HHH000204: Processing PersistenceUnitInfo [name: default]
2026-08-21 11:10:09.400  INFO --- [main] org.hibernate.Version                    : HHH000412: Hibernate ORM core version 6.6.2.Final
2026-08-21 11:10:09.432  INFO --- [main] o.h.c.internal.RegionFactoryInitiator    : HHH000026: Second-level cache disabled
2026-08-21 11:10:09.683  INFO --- [main] o.s.o.j.p.SpringPersistenceUnitInfo      : No LoadTimeWeaver setup: ignoring JPA class transformer
2026-08-21 11:10:09.725  WARN --- [main] org.hibernate.orm.deprecation            : HHH90000025: PostgreSQLDialect does not need to be specified explicitly using 'hibernate.dialect' (remove the property setting and it will be selected by default)
2026-08-21 11:10:09.738  INFO --- [main] org.hibernate.orm.connections.pooling    : HHH10001005: Database info:
	Database JDBC URL [Connecting through datasource 'HikariDataSource (HikariPool-1)']
	Database driver: undefined/unknown
	Database version: 18.3
	Autocommit mode: undefined/unknown
	Isolation level: undefined/unknown
	Minimum pool size: undefined/unknown
	Maximum pool size: undefined/unknown
2026-08-21 11:10:10.581  INFO --- [main] o.h.e.t.j.p.i.JtaPlatformInitiator       : HHH000489: No JTA platform available (set 'hibernate.transaction.jta.platform' to enable JTA platform integration)
2026-08-21 11:10:10.609  INFO --- [main] j.LocalContainerEntityManagerFactoryBean : Initialized JPA EntityManagerFactory for persistence unit 'default'
2026-08-21 11:10:10.839  INFO --- [main] o.s.d.j.r.query.QueryEnhancerFactory     : Hibernate is in classpath; If applicable, HQL parser will be used.
2026-08-21 11:10:11.565  WARN --- [main] JpaBaseConfiguration$JpaWebConfiguration : spring.jpa.open-in-view is enabled by default. Therefore, database queries may be performed during view rendering. Explicitly configure spring.jpa.open-in-view to disable this warning
2026-08-21 11:10:11.583  INFO --- [main] r$InitializeUserDetailsManagerConfigurer : Global AuthenticationManager configured with UserDetailsService bean with name userDetailsService
2026-08-21 11:10:12.062  INFO --- [main] o.s.b.w.embedded.tomcat.TomcatWebServer  : Tomcat started on port 8081 (http) with context path '/'
2026-08-21 11:10:12.071  INFO --- [main] com.portfolio.keyra.KeyraApplication     : Started KeyraApplication in 5.489 seconds (process running for 6.187)
2026-08-21 11:10:23.616  INFO --- [http-nio-8081-exec-1] o.a.c.c.C.[Tomcat].[localhost].[/]       : Initializing Spring DispatcherServlet 'dispatcherServlet'
2026-08-21 11:10:23.616  INFO --- [http-nio-8081-exec-1] o.s.web.servlet.DispatcherServlet        : Initializing Servlet 'dispatcherServlet'
2026-08-21 11:10:23.618  INFO --- [http-nio-8081-exec-1] o.s.web.servlet.DispatcherServlet        : Completed initialization in 2 ms
2026-08-21 11:12:08.851  INFO --- [SpringApplicationShutdownHook] o.s.b.w.e.tomcat.GracefulShutdown        : Commencing graceful shutdown. Waiting for active requests to complete
2026-08-21 11:12:08.857  INFO --- [tomcat-shutdown] o.s.b.w.e.tomcat.GracefulShutdown        : Graceful shutdown complete
2026-08-21 11:12:08.860  INFO --- [SpringApplicationShutdownHook] j.LocalContainerEntityManagerFactoryBean : Closing JPA EntityManagerFactory for persistence unit 'default'
2026-08-21 11:12:08.862  INFO --- [SpringApplicationShutdownHook] com.zaxxer.hikari.HikariDataSource       : HikariPool-1 - Shutdown initiated...
2026-08-21 11:12:08.864  INFO --- [SpringApplicationShutdownHook] com.zaxxer.hikari.HikariDataSource       : HikariPool-1 - Shutdown completed.
2026-08-21 11:12:11.283  INFO --- [main] com.portfolio.keyra.KeyraApplication     : Starting KeyraApplication using Java 21.0.10 with PID 13028 (C:\Users\valem\IdeaProjects\password_manager\target\classes started by valem in C:\Users\valem\IdeaProjects\password_manager)
2026-08-21 11:12:11.285  INFO --- [main] com.portfolio.keyra.KeyraApplication     : No active profile set, falling back to 1 default profile: "default"
2026-08-21 11:12:11.938  INFO --- [main] .s.d.r.c.RepositoryConfigurationDelegate : Bootstrapping Spring Data JPA repositories in DEFAULT mode.
2026-08-21 11:12:11.996  INFO --- [main] .s.d.r.c.RepositoryConfigurationDelegate : Finished Spring Data repository scanning in 49 ms. Found 3 JPA repository interfaces.
2026-08-21 11:12:12.494  INFO --- [main] o.s.b.w.embedded.tomcat.TomcatWebServer  : Tomcat initialized with port 8081 (http)
2026-08-21 11:12:12.506  INFO --- [main] o.apache.catalina.core.StandardService   : Starting service [Tomcat]
2026-08-21 11:12:12.506  INFO --- [main] o.apache.catalina.core.StandardEngine    : Starting Servlet engine: [Apache Tomcat/10.1.33]
2026-08-21 11:12:12.574  INFO --- [main] o.a.c.c.C.[Tomcat].[localhost].[/]       : Initializing Spring embedded WebApplicationContext
2026-08-21 11:12:12.574  INFO --- [main] w.s.c.ServletWebServerApplicationContext : Root WebApplicationContext: initialization completed in 1250 ms
2026-08-21 11:12:12.687  INFO --- [main] com.zaxxer.hikari.HikariDataSource       : HikariPool-1 - Starting...
2026-08-21 11:12:12.863  INFO --- [main] com.zaxxer.hikari.pool.HikariPool        : HikariPool-1 - Added connection org.postgresql.jdbc.PgConnection@53aa2fc9
2026-08-21 11:12:12.864  INFO --- [main] com.zaxxer.hikari.HikariDataSource       : HikariPool-1 - Start completed.
2026-08-21 11:12:13.012  INFO --- [main] liquibase.database                       : Set default schema name to public
2026-08-21 11:12:13.430  INFO --- [main] liquibase.changelog                      : Reading from public.databasechangelog
2026-08-21 11:12:13.473  INFO --- [main] liquibase.ui                             : Database is up to date, no changesets to execute
2026-08-21 11:12:13.474  INFO --- [main] liquibase.changelog                      : Reading from public.databasechangelog
2026-08-21 11:12:13.481  INFO --- [main] liquibase.util                           : UPDATE SUMMARY
2026-08-21 11:12:13.481  INFO --- [main] liquibase.util                           : Run:                          0
2026-08-21 11:12:13.481  INFO --- [main] liquibase.util                           : Previously run:               3
2026-08-21 11:12:13.481  INFO --- [main] liquibase.util                           : Filtered out:                 0
2026-08-21 11:12:13.481  INFO --- [main] liquibase.util                           : -------------------------------
2026-08-21 11:12:13.481  INFO --- [main] liquibase.util                           : Total change sets:            3
2026-08-21 11:12:13.482  INFO --- [main] liquibase.util                           : Update summary generated
2026-08-21 11:12:13.483  INFO --- [main] liquibase.command                        : Command execution complete
2026-08-21 11:12:13.551  INFO --- [main] o.hibernate.jpa.internal.util.LogHelper  : HHH000204: Processing PersistenceUnitInfo [name: default]
2026-08-21 11:12:13.608  INFO --- [main] org.hibernate.Version                    : HHH000412: Hibernate ORM core version 6.6.2.Final
2026-08-21 11:12:13.638  INFO --- [main] o.h.c.internal.RegionFactoryInitiator    : HHH000026: Second-level cache disabled
2026-08-21 11:12:13.911  INFO --- [main] o.s.o.j.p.SpringPersistenceUnitInfo      : No LoadTimeWeaver setup: ignoring JPA class transformer
2026-08-21 11:12:13.969  WARN --- [main] org.hibernate.orm.deprecation            : HHH90000025: PostgreSQLDialect does not need to be specified explicitly using 'hibernate.dialect' (remove the property setting and it will be selected by default)
2026-08-21 11:12:13.981  INFO --- [main] org.hibernate.orm.connections.pooling    : HHH10001005: Database info:
	Database JDBC URL [Connecting through datasource 'HikariDataSource (HikariPool-1)']
	Database driver: undefined/unknown
	Database version: 18.3
	Autocommit mode: undefined/unknown
	Isolation level: undefined/unknown
	Minimum pool size: undefined/unknown
	Maximum pool size: undefined/unknown
2026-08-21 11:12:14.830  INFO --- [main] o.h.e.t.j.p.i.JtaPlatformInitiator       : HHH000489: No JTA platform available (set 'hibernate.transaction.jta.platform' to enable JTA platform integration)
2026-08-21 11:12:14.861  INFO --- [main] j.LocalContainerEntityManagerFactoryBean : Initialized JPA EntityManagerFactory for persistence unit 'default'
2026-08-21 11:12:15.089  INFO --- [main] o.s.d.j.r.query.QueryEnhancerFactory     : Hibernate is in classpath; If applicable, HQL parser will be used.
2026-08-21 11:12:15.857  WARN --- [main] JpaBaseConfiguration$JpaWebConfiguration : spring.jpa.open-in-view is enabled by default. Therefore, database queries may be performed during view rendering. Explicitly configure spring.jpa.open-in-view to disable this warning
2026-08-21 11:12:15.884  INFO --- [main] r$InitializeUserDetailsManagerConfigurer : Global AuthenticationManager configured with UserDetailsService bean with name userDetailsService
2026-08-21 11:12:16.402  INFO --- [main] o.s.b.w.embedded.tomcat.TomcatWebServer  : Tomcat started on port 8081 (http) with context path '/'
2026-08-21 11:12:16.411  INFO --- [main] com.portfolio.keyra.KeyraApplication     : Started KeyraApplication in 5.648 seconds (process running for 6.587)
2026-08-21 11:12:16.879  INFO --- [http-nio-8081-exec-1] o.a.c.c.C.[Tomcat].[localhost].[/]       : Initializing Spring DispatcherServlet 'dispatcherServlet'
2026-08-21 11:12:16.879  INFO --- [http-nio-8081-exec-1] o.s.web.servlet.DispatcherServlet        : Initializing Servlet 'dispatcherServlet'
2026-08-21 11:12:16.880  INFO --- [http-nio-8081-exec-1] o.s.web.servlet.DispatcherServlet        : Completed initialization in 0 ms
2026-08-21 11:13:12.436  INFO --- [SpringApplicationShutdownHook] o.s.b.w.e.tomcat.GracefulShutdown        : Commencing graceful shutdown. Waiting for active requests to complete
2026-08-21 11:13:12.441  INFO --- [tomcat-shutdown] o.s.b.w.e.tomcat.GracefulShutdown        : Graceful shutdown complete
2026-08-21 11:13:12.445  INFO --- [SpringApplicationShutdownHook] j.LocalContainerEntityManagerFactoryBean : Closing JPA EntityManagerFactory for persistence unit 'default'
2026-08-21 11:13:12.446  INFO --- [SpringApplicationShutdownHook] com.zaxxer.hikari.HikariDataSource       : HikariPool-1 - Shutdown initiated...
2026-08-21 11:13:12.449  INFO --- [SpringApplicationShutdownHook] com.zaxxer.hikari.HikariDataSource       : HikariPool-1 - Shutdown completed.
2026-08-21 11:13:14.923  INFO --- [main] com.portfolio.keyra.KeyraApplication     : Starting KeyraApplication using Java 21.0.10 with PID 1980 (C:\Users\valem\IdeaProjects\password_manager\target\classes started by valem in C:\Users\valem\IdeaProjects\password_manager)
2026-08-21 11:13:14.925  INFO --- [main] com.portfolio.keyra.KeyraApplication     : No active profile set, falling back to 1 default profile: "default"
2026-08-21 11:13:15.676  INFO --- [main] .s.d.r.c.RepositoryConfigurationDelegate : Bootstrapping Spring Data JPA repositories in DEFAULT mode.
2026-08-21 11:13:15.737  INFO --- [main] .s.d.r.c.RepositoryConfigurationDelegate : Finished Spring Data repository scanning in 52 ms. Found 3 JPA repository interfaces.
2026-08-21 11:13:16.271  INFO --- [main] o.s.b.w.embedded.tomcat.TomcatWebServer  : Tomcat initialized with port 8081 (http)
2026-08-21 11:13:16.283  INFO --- [main] o.apache.catalina.core.StandardService   : Starting service [Tomcat]
2026-08-21 11:13:16.284  INFO --- [main] o.apache.catalina.core.StandardEngine    : Starting Servlet engine: [Apache Tomcat/10.1.33]
2026-08-21 11:13:16.352  INFO --- [main] o.a.c.c.C.[Tomcat].[localhost].[/]       : Initializing Spring embedded WebApplicationContext
2026-08-21 11:13:16.352  INFO --- [main] w.s.c.ServletWebServerApplicationContext : Root WebApplicationContext: initialization completed in 1381 ms
2026-08-21 11:13:16.449  INFO --- [main] com.zaxxer.hikari.HikariDataSource       : HikariPool-1 - Starting...
2026-08-21 11:13:16.621  INFO --- [main] com.zaxxer.hikari.pool.HikariPool        : HikariPool-1 - Added connection org.postgresql.jdbc.PgConnection@76396509
2026-08-21 11:13:16.622  INFO --- [main] com.zaxxer.hikari.HikariDataSource       : HikariPool-1 - Start completed.
2026-08-21 11:13:16.762  INFO --- [main] liquibase.database                       : Set default schema name to public
2026-08-21 11:13:17.183  INFO --- [main] liquibase.changelog                      : Reading from public.databasechangelog
2026-08-21 11:13:17.230  INFO --- [main] liquibase.ui                             : Database is up to date, no changesets to execute
2026-08-21 11:13:17.232  INFO --- [main] liquibase.changelog                      : Reading from public.databasechangelog
2026-08-21 11:13:17.238  INFO --- [main] liquibase.util                           : UPDATE SUMMARY
2026-08-21 11:13:17.238  INFO --- [main] liquibase.util                           : Run:                          0
2026-08-21 11:13:17.238  INFO --- [main] liquibase.util                           : Previously run:               3
2026-08-21 11:13:17.238  INFO --- [main] liquibase.util                           : Filtered out:                 0
2026-08-21 11:13:17.239  INFO --- [main] liquibase.util                           : -------------------------------
2026-08-21 11:13:17.239  INFO --- [main] liquibase.util                           : Total change sets:            3
2026-08-21 11:13:17.239  INFO --- [main] liquibase.util                           : Update summary generated
2026-08-21 11:13:17.240  INFO --- [main] liquibase.command                        : Command execution complete
2026-08-21 11:13:17.315  INFO --- [main] o.hibernate.jpa.internal.util.LogHelper  : HHH000204: Processing PersistenceUnitInfo [name: default]
2026-08-21 11:13:17.378  INFO --- [main] org.hibernate.Version                    : HHH000412: Hibernate ORM core version 6.6.2.Final
2026-08-21 11:13:17.410  INFO --- [main] o.h.c.internal.RegionFactoryInitiator    : HHH000026: Second-level cache disabled
2026-08-21 11:13:17.672  INFO --- [main] o.s.o.j.p.SpringPersistenceUnitInfo      : No LoadTimeWeaver setup: ignoring JPA class transformer
2026-08-21 11:13:17.724  WARN --- [main] org.hibernate.orm.deprecation            : HHH90000025: PostgreSQLDialect does not need to be specified explicitly using 'hibernate.dialect' (remove the property setting and it will be selected by default)
2026-08-21 11:13:17.738  INFO --- [main] org.hibernate.orm.connections.pooling    : HHH10001005: Database info:
	Database JDBC URL [Connecting through datasource 'HikariDataSource (HikariPool-1)']
	Database driver: undefined/unknown
	Database version: 18.3
	Autocommit mode: undefined/unknown
	Isolation level: undefined/unknown
	Minimum pool size: undefined/unknown
	Maximum pool size: undefined/unknown
2026-08-21 11:13:18.620  INFO --- [main] o.h.e.t.j.p.i.JtaPlatformInitiator       : HHH000489: No JTA platform available (set 'hibernate.transaction.jta.platform' to enable JTA platform integration)
2026-08-21 11:13:18.651  INFO --- [main] j.LocalContainerEntityManagerFactoryBean : Initialized JPA EntityManagerFactory for persistence unit 'default'
2026-08-21 11:13:18.893  INFO --- [main] o.s.d.j.r.query.QueryEnhancerFactory     : Hibernate is in classpath; If applicable, HQL parser will be used.
2026-08-21 11:13:19.771  WARN --- [main] JpaBaseConfiguration$JpaWebConfiguration : spring.jpa.open-in-view is enabled by default. Therefore, database queries may be performed during view rendering. Explicitly configure spring.jpa.open-in-view to disable this warning
2026-08-21 11:13:19.790  INFO --- [main] r$InitializeUserDetailsManagerConfigurer : Global AuthenticationManager configured with UserDetailsService bean with name userDetailsService
2026-08-21 11:13:20.288  INFO --- [main] o.s.b.w.embedded.tomcat.TomcatWebServer  : Tomcat started on port 8081 (http) with context path '/'
2026-08-21 11:13:20.297  INFO --- [main] com.portfolio.keyra.KeyraApplication     : Started KeyraApplication in 6.029 seconds (process running for 6.883)
2026-08-21 11:13:30.865  INFO --- [http-nio-8081-exec-1] o.a.c.c.C.[Tomcat].[localhost].[/]       : Initializing Spring DispatcherServlet 'dispatcherServlet'
2026-08-21 11:13:30.866  INFO --- [http-nio-8081-exec-1] o.s.web.servlet.DispatcherServlet        : Initializing Servlet 'dispatcherServlet'
2026-08-21 11:13:30.866  INFO --- [http-nio-8081-exec-1] o.s.web.servlet.DispatcherServlet        : Completed initialization in 0 ms
2026-08-21 11:14:17.913  INFO --- [SpringApplicationShutdownHook] o.s.b.w.e.tomcat.GracefulShutdown        : Commencing graceful shutdown. Waiting for active requests to complete
2026-08-21 11:14:17.918  INFO --- [tomcat-shutdown] o.s.b.w.e.tomcat.GracefulShutdown        : Graceful shutdown complete
2026-08-21 11:14:17.922  INFO --- [SpringApplicationShutdownHook] j.LocalContainerEntityManagerFactoryBean : Closing JPA EntityManagerFactory for persistence unit 'default'
2026-08-21 11:14:17.924  INFO --- [SpringApplicationShutdownHook] com.zaxxer.hikari.HikariDataSource       : HikariPool-1 - Shutdown initiated...
2026-08-21 11:14:17.927  INFO --- [SpringApplicationShutdownHook] com.zaxxer.hikari.HikariDataSource       : HikariPool-1 - Shutdown completed.
2026-08-21 11:14:20.325  INFO --- [main] com.portfolio.keyra.KeyraApplication     : Starting KeyraApplication using Java 21.0.10 with PID 33708 (C:\Users\valem\IdeaProjects\password_manager\target\classes started by valem in C:\Users\valem\IdeaProjects\password_manager)
2026-08-21 11:14:20.328  INFO --- [main] com.portfolio.keyra.KeyraApplication     : No active profile set, falling back to 1 default profile: "default"
2026-08-21 11:14:21.061  INFO --- [main] .s.d.r.c.RepositoryConfigurationDelegate : Bootstrapping Spring Data JPA repositories in DEFAULT mode.
2026-08-21 11:14:21.120  INFO --- [main] .s.d.r.c.RepositoryConfigurationDelegate : Finished Spring Data repository scanning in 52 ms. Found 3 JPA repository interfaces.
2026-08-21 11:14:21.622  INFO --- [main] o.s.b.w.embedded.tomcat.TomcatWebServer  : Tomcat initialized with port 8081 (http)
2026-08-21 11:14:21.634  INFO --- [main] o.apache.catalina.core.StandardService   : Starting service [Tomcat]
2026-08-21 11:14:21.634  INFO --- [main] o.apache.catalina.core.StandardEngine    : Starting Servlet engine: [Apache Tomcat/10.1.33]
2026-08-21 11:14:21.696  INFO --- [main] o.a.c.c.C.[Tomcat].[localhost].[/]       : Initializing Spring embedded WebApplicationContext
2026-08-21 11:14:21.696  INFO --- [main] w.s.c.ServletWebServerApplicationContext : Root WebApplicationContext: initialization completed in 1317 ms
2026-08-21 11:14:21.798  INFO --- [main] com.zaxxer.hikari.HikariDataSource       : HikariPool-1 - Starting...
2026-08-21 11:14:22.071  INFO --- [main] com.zaxxer.hikari.pool.HikariPool        : HikariPool-1 - Added connection org.postgresql.jdbc.PgConnection@119290b9
2026-08-21 11:14:22.073  INFO --- [main] com.zaxxer.hikari.HikariDataSource       : HikariPool-1 - Start completed.
2026-08-21 11:14:22.203  INFO --- [main] liquibase.database                       : Set default schema name to public
2026-08-21 11:14:22.620  INFO --- [main] liquibase.changelog                      : Reading from public.databasechangelog
2026-08-21 11:14:22.671  INFO --- [main] liquibase.ui                             : Database is up to date, no changesets to execute
2026-08-21 11:14:22.674  INFO --- [main] liquibase.changelog                      : Reading from public.databasechangelog
2026-08-21 11:14:22.683  INFO --- [main] liquibase.util                           : UPDATE SUMMARY
2026-08-21 11:14:22.683  INFO --- [main] liquibase.util                           : Run:                          0
2026-08-21 11:14:22.683  INFO --- [main] liquibase.util                           : Previously run:               3
2026-08-21 11:14:22.683  INFO --- [main] liquibase.util                           : Filtered out:                 0
2026-08-21 11:14:22.683  INFO --- [main] liquibase.util                           : -------------------------------
2026-08-21 11:14:22.683  INFO --- [main] liquibase.util                           : Total change sets:            3
2026-08-21 11:14:22.685  INFO --- [main] liquibase.util                           : Update summary generated
2026-08-21 11:14:22.686  INFO --- [main] liquibase.command                        : Command execution complete
2026-08-21 11:14:22.761  INFO --- [main] o.hibernate.jpa.internal.util.LogHelper  : HHH000204: Processing PersistenceUnitInfo [name: default]
2026-08-21 11:14:22.816  INFO --- [main] org.hibernate.Version                    : HHH000412: Hibernate ORM core version 6.6.2.Final
2026-08-21 11:14:22.856  INFO --- [main] o.h.c.internal.RegionFactoryInitiator    : HHH000026: Second-level cache disabled
2026-08-21 11:14:23.135  INFO --- [main] o.s.o.j.p.SpringPersistenceUnitInfo      : No LoadTimeWeaver setup: ignoring JPA class transformer
2026-08-21 11:14:23.183  WARN --- [main] org.hibernate.orm.deprecation            : HHH90000025: PostgreSQLDialect does not need to be specified explicitly using 'hibernate.dialect' (remove the property setting and it will be selected by default)
2026-08-21 11:14:23.197  INFO --- [main] org.hibernate.orm.connections.pooling    : HHH10001005: Database info:
	Database JDBC URL [Connecting through datasource 'HikariDataSource (HikariPool-1)']
	Database driver: undefined/unknown
	Database version: 18.3
	Autocommit mode: undefined/unknown
	Isolation level: undefined/unknown
	Minimum pool size: undefined/unknown
	Maximum pool size: undefined/unknown
2026-08-21 11:14:24.130  INFO --- [main] o.h.e.t.j.p.i.JtaPlatformInitiator       : HHH000489: No JTA platform available (set 'hibernate.transaction.jta.platform' to enable JTA platform integration)
2026-08-21 11:14:24.160  INFO --- [main] j.LocalContainerEntityManagerFactoryBean : Initialized JPA EntityManagerFactory for persistence unit 'default'
2026-08-21 11:14:24.397  INFO --- [main] o.s.d.j.r.query.QueryEnhancerFactory     : Hibernate is in classpath; If applicable, HQL parser will be used.
2026-08-21 11:14:25.299  WARN --- [main] JpaBaseConfiguration$JpaWebConfiguration : spring.jpa.open-in-view is enabled by default. Therefore, database queries may be performed during view rendering. Explicitly configure spring.jpa.open-in-view to disable this warning
2026-08-21 11:14:25.321  INFO --- [main] r$InitializeUserDetailsManagerConfigurer : Global AuthenticationManager configured with UserDetailsService bean with name userDetailsService
2026-08-21 11:14:25.813  INFO --- [main] o.s.b.w.embedded.tomcat.TomcatWebServer  : Tomcat started on port 8081 (http) with context path '/'
2026-08-21 11:14:25.822  INFO --- [main] com.portfolio.keyra.KeyraApplication     : Started KeyraApplication in 6.063 seconds (process running for 6.833)
2026-08-21 11:14:27.258  INFO --- [http-nio-8081-exec-1] o.a.c.c.C.[Tomcat].[localhost].[/]       : Initializing Spring DispatcherServlet 'dispatcherServlet'
2026-08-21 11:14:27.258  INFO --- [http-nio-8081-exec-1] o.s.web.servlet.DispatcherServlet        : Initializing Servlet 'dispatcherServlet'
2026-08-21 11:14:27.259  INFO --- [http-nio-8081-exec-1] o.s.web.servlet.DispatcherServlet        : Completed initialization in 1 ms
2026-08-21 11:15:50.702  INFO --- [SpringApplicationShutdownHook] o.s.b.w.e.tomcat.GracefulShutdown        : Commencing graceful shutdown. Waiting for active requests to complete
2026-08-21 11:15:50.707  INFO --- [tomcat-shutdown] o.s.b.w.e.tomcat.GracefulShutdown        : Graceful shutdown complete
2026-08-21 11:15:50.711  INFO --- [SpringApplicationShutdownHook] j.LocalContainerEntityManagerFactoryBean : Closing JPA EntityManagerFactory for persistence unit 'default'
2026-08-21 11:15:50.714  INFO --- [SpringApplicationShutdownHook] com.zaxxer.hikari.HikariDataSource       : HikariPool-1 - Shutdown initiated...
2026-08-21 11:15:50.716  INFO --- [SpringApplicationShutdownHook] com.zaxxer.hikari.HikariDataSource       : HikariPool-1 - Shutdown completed.
2026-08-21 11:15:53.306  INFO --- [main] com.portfolio.keyra.KeyraApplication     : Starting KeyraApplication using Java 21.0.10 with PID 29044 (C:\Users\valem\IdeaProjects\password_manager\target\classes started by valem in C:\Users\valem\IdeaProjects\password_manager)
2026-08-21 11:15:53.307  INFO --- [main] com.portfolio.keyra.KeyraApplication     : No active profile set, falling back to 1 default profile: "default"
2026-08-21 11:15:54.018  INFO --- [main] .s.d.r.c.RepositoryConfigurationDelegate : Bootstrapping Spring Data JPA repositories in DEFAULT mode.
2026-08-21 11:15:54.076  INFO --- [main] .s.d.r.c.RepositoryConfigurationDelegate : Finished Spring Data repository scanning in 51 ms. Found 3 JPA repository interfaces.
2026-08-21 11:15:54.553  INFO --- [main] o.s.b.w.embedded.tomcat.TomcatWebServer  : Tomcat initialized with port 8081 (http)
2026-08-21 11:15:54.566  INFO --- [main] o.apache.catalina.core.StandardService   : Starting service [Tomcat]
2026-08-21 11:15:54.566  INFO --- [main] o.apache.catalina.core.StandardEngine    : Starting Servlet engine: [Apache Tomcat/10.1.33]
2026-08-21 11:15:54.628  INFO --- [main] o.a.c.c.C.[Tomcat].[localhost].[/]       : Initializing Spring embedded WebApplicationContext
2026-08-21 11:15:54.628  INFO --- [main] w.s.c.ServletWebServerApplicationContext : Root WebApplicationContext: initialization completed in 1273 ms
2026-08-21 11:15:54.730  INFO --- [main] com.zaxxer.hikari.HikariDataSource       : HikariPool-1 - Starting...
2026-08-21 11:15:54.899  INFO --- [main] com.zaxxer.hikari.pool.HikariPool        : HikariPool-1 - Added connection org.postgresql.jdbc.PgConnection@5438fa43
2026-08-21 11:15:54.901  INFO --- [main] com.zaxxer.hikari.HikariDataSource       : HikariPool-1 - Start completed.
2026-08-21 11:15:55.037  INFO --- [main] liquibase.database                       : Set default schema name to public
2026-08-21 11:15:55.439  INFO --- [main] liquibase.changelog                      : Reading from public.databasechangelog
2026-08-21 11:15:55.482  INFO --- [main] liquibase.ui                             : Database is up to date, no changesets to execute
2026-08-21 11:15:55.484  INFO --- [main] liquibase.changelog                      : Reading from public.databasechangelog
2026-08-21 11:15:55.490  INFO --- [main] liquibase.util                           : UPDATE SUMMARY
2026-08-21 11:15:55.492  INFO --- [main] liquibase.util                           : Run:                          0
2026-08-21 11:15:55.492  INFO --- [main] liquibase.util                           : Previously run:               3
2026-08-21 11:15:55.492  INFO --- [main] liquibase.util                           : Filtered out:                 0
2026-08-21 11:15:55.492  INFO --- [main] liquibase.util                           : -------------------------------
2026-08-21 11:15:55.492  INFO --- [main] liquibase.util                           : Total change sets:            3
2026-08-21 11:15:55.493  INFO --- [main] liquibase.util                           : Update summary generated
2026-08-21 11:15:55.493  INFO --- [main] liquibase.command                        : Command execution complete
2026-08-21 11:15:55.569  INFO --- [main] o.hibernate.jpa.internal.util.LogHelper  : HHH000204: Processing PersistenceUnitInfo [name: default]
2026-08-21 11:15:55.634  INFO --- [main] org.hibernate.Version                    : HHH000412: Hibernate ORM core version 6.6.2.Final
2026-08-21 11:15:55.672  INFO --- [main] o.h.c.internal.RegionFactoryInitiator    : HHH000026: Second-level cache disabled
2026-08-21 11:15:55.939  INFO --- [main] o.s.o.j.p.SpringPersistenceUnitInfo      : No LoadTimeWeaver setup: ignoring JPA class transformer
2026-08-21 11:15:55.988  WARN --- [main] org.hibernate.orm.deprecation            : HHH90000025: PostgreSQLDialect does not need to be specified explicitly using 'hibernate.dialect' (remove the property setting and it will be selected by default)
2026-08-21 11:15:56.005  INFO --- [main] org.hibernate.orm.connections.pooling    : HHH10001005: Database info:
	Database JDBC URL [Connecting through datasource 'HikariDataSource (HikariPool-1)']
	Database driver: undefined/unknown
	Database version: 18.3
	Autocommit mode: undefined/unknown
	Isolation level: undefined/unknown
	Minimum pool size: undefined/unknown
	Maximum pool size: undefined/unknown
2026-08-21 11:15:56.902  INFO --- [main] o.h.e.t.j.p.i.JtaPlatformInitiator       : HHH000489: No JTA platform available (set 'hibernate.transaction.jta.platform' to enable JTA platform integration)
2026-08-21 11:15:56.932  INFO --- [main] j.LocalContainerEntityManagerFactoryBean : Initialized JPA EntityManagerFactory for persistence unit 'default'
2026-08-21 11:15:57.171  INFO --- [main] o.s.d.j.r.query.QueryEnhancerFactory     : Hibernate is in classpath; If applicable, HQL parser will be used.
2026-08-21 11:15:57.921  WARN --- [main] JpaBaseConfiguration$JpaWebConfiguration : spring.jpa.open-in-view is enabled by default. Therefore, database queries may be performed during view rendering. Explicitly configure spring.jpa.open-in-view to disable this warning
2026-08-21 11:15:57.942  INFO --- [main] r$InitializeUserDetailsManagerConfigurer : Global AuthenticationManager configured with UserDetailsService bean with name userDetailsService
2026-08-21 11:15:58.473  INFO --- [main] o.s.b.w.embedded.tomcat.TomcatWebServer  : Tomcat started on port 8081 (http) with context path '/'
2026-08-21 11:15:58.483  INFO --- [main] com.portfolio.keyra.KeyraApplication     : Started KeyraApplication in 5.751 seconds (process running for 6.493)
2026-08-21 11:16:07.234  INFO --- [http-nio-8081-exec-1] o.a.c.c.C.[Tomcat].[localhost].[/]       : Initializing Spring DispatcherServlet 'dispatcherServlet'
2026-08-21 11:16:07.234  INFO --- [http-nio-8081-exec-1] o.s.web.servlet.DispatcherServlet        : Initializing Servlet 'dispatcherServlet'
2026-08-21 11:16:07.235  INFO --- [http-nio-8081-exec-1] o.s.web.servlet.DispatcherServlet        : Completed initialization in 1 ms
2026-08-21 11:22:50.855  INFO --- [SpringApplicationShutdownHook] o.s.b.w.e.tomcat.GracefulShutdown        : Commencing graceful shutdown. Waiting for active requests to complete
2026-08-21 11:22:50.860  INFO --- [tomcat-shutdown] o.s.b.w.e.tomcat.GracefulShutdown        : Graceful shutdown complete
2026-08-21 11:22:50.865  INFO --- [SpringApplicationShutdownHook] j.LocalContainerEntityManagerFactoryBean : Closing JPA EntityManagerFactory for persistence unit 'default'
2026-08-21 11:22:50.867  INFO --- [SpringApplicationShutdownHook] com.zaxxer.hikari.HikariDataSource       : HikariPool-1 - Shutdown initiated...
2026-08-21 11:22:50.869  INFO --- [SpringApplicationShutdownHook] com.zaxxer.hikari.HikariDataSource       : HikariPool-1 - Shutdown completed.
2026-08-21 11:22:53.340  INFO --- [main] com.portfolio.keyra.KeyraApplication     : Starting KeyraApplication using Java 21.0.10 with PID 33316 (C:\Users\valem\IdeaProjects\password_manager\target\classes started by valem in C:\Users\valem\IdeaProjects\password_manager)
2026-08-21 11:22:53.343  INFO --- [main] com.portfolio.keyra.KeyraApplication     : No active profile set, falling back to 1 default profile: "default"
2026-08-21 11:22:54.047  INFO --- [main] .s.d.r.c.RepositoryConfigurationDelegate : Bootstrapping Spring Data JPA repositories in DEFAULT mode.
2026-08-21 11:22:54.110  INFO --- [main] .s.d.r.c.RepositoryConfigurationDelegate : Finished Spring Data repository scanning in 55 ms. Found 3 JPA repository interfaces.
2026-08-21 11:22:54.664  INFO --- [main] o.s.b.w.embedded.tomcat.TomcatWebServer  : Tomcat initialized with port 8081 (http)
2026-08-21 11:22:54.677  INFO --- [main] o.apache.catalina.core.StandardService   : Starting service [Tomcat]
2026-08-21 11:22:54.677  INFO --- [main] o.apache.catalina.core.StandardEngine    : Starting Servlet engine: [Apache Tomcat/10.1.33]
2026-08-21 11:22:54.743  INFO --- [main] o.a.c.c.C.[Tomcat].[localhost].[/]       : Initializing Spring embedded WebApplicationContext
2026-08-21 11:22:54.743  INFO --- [main] w.s.c.ServletWebServerApplicationContext : Root WebApplicationContext: initialization completed in 1355 ms
2026-08-21 11:22:54.851  INFO --- [main] com.zaxxer.hikari.HikariDataSource       : HikariPool-1 - Starting...
2026-08-21 11:22:55.028  INFO --- [main] com.zaxxer.hikari.pool.HikariPool        : HikariPool-1 - Added connection org.postgresql.jdbc.PgConnection@62cbc478
2026-08-21 11:22:55.030  INFO --- [main] com.zaxxer.hikari.HikariDataSource       : HikariPool-1 - Start completed.
2026-08-21 11:22:55.164  INFO --- [main] liquibase.database                       : Set default schema name to public
2026-08-21 11:22:55.738  INFO --- [main] liquibase.changelog                      : Reading from public.databasechangelog
2026-08-21 11:22:55.784  INFO --- [main] liquibase.ui                             : Database is up to date, no changesets to execute
2026-08-21 11:22:55.785  INFO --- [main] liquibase.changelog                      : Reading from public.databasechangelog
2026-08-21 11:22:55.794  INFO --- [main] liquibase.util                           : UPDATE SUMMARY
2026-08-21 11:22:55.794  INFO --- [main] liquibase.util                           : Run:                          0
2026-08-21 11:22:55.794  INFO --- [main] liquibase.util                           : Previously run:               3
2026-08-21 11:22:55.794  INFO --- [main] liquibase.util                           : Filtered out:                 0
2026-08-21 11:22:55.795  INFO --- [main] liquibase.util                           : -------------------------------
2026-08-21 11:22:55.795  INFO --- [main] liquibase.util                           : Total change sets:            3
2026-08-21 11:22:55.796  INFO --- [main] liquibase.util                           : Update summary generated
2026-08-21 11:22:55.797  INFO --- [main] liquibase.command                        : Command execution complete
2026-08-21 11:22:55.863  INFO --- [main] o.hibernate.jpa.internal.util.LogHelper  : HHH000204: Processing PersistenceUnitInfo [name: default]
2026-08-21 11:22:55.922  INFO --- [main] org.hibernate.Version                    : HHH000412: Hibernate ORM core version 6.6.2.Final
2026-08-21 11:22:55.955  INFO --- [main] o.h.c.internal.RegionFactoryInitiator    : HHH000026: Second-level cache disabled
2026-08-21 11:22:56.212  INFO --- [main] o.s.o.j.p.SpringPersistenceUnitInfo      : No LoadTimeWeaver setup: ignoring JPA class transformer
2026-08-21 11:22:56.268  WARN --- [main] org.hibernate.orm.deprecation            : HHH90000025: PostgreSQLDialect does not need to be specified explicitly using 'hibernate.dialect' (remove the property setting and it will be selected by default)
2026-08-21 11:22:56.281  INFO --- [main] org.hibernate.orm.connections.pooling    : HHH10001005: Database info:
	Database JDBC URL [Connecting through datasource 'HikariDataSource (HikariPool-1)']
	Database driver: undefined/unknown
	Database version: 18.3
	Autocommit mode: undefined/unknown
	Isolation level: undefined/unknown
	Minimum pool size: undefined/unknown
	Maximum pool size: undefined/unknown
2026-08-21 11:22:57.228  INFO --- [main] o.h.e.t.j.p.i.JtaPlatformInitiator       : HHH000489: No JTA platform available (set 'hibernate.transaction.jta.platform' to enable JTA platform integration)
2026-08-21 11:22:57.261  INFO --- [main] j.LocalContainerEntityManagerFactoryBean : Initialized JPA EntityManagerFactory for persistence unit 'default'
2026-08-21 11:22:57.532  INFO --- [main] o.s.d.j.r.query.QueryEnhancerFactory     : Hibernate is in classpath; If applicable, HQL parser will be used.
2026-08-21 11:22:58.317  WARN --- [main] JpaBaseConfiguration$JpaWebConfiguration : spring.jpa.open-in-view is enabled by default. Therefore, database queries may be performed during view rendering. Explicitly configure spring.jpa.open-in-view to disable this warning
2026-08-21 11:22:58.338  INFO --- [main] r$InitializeUserDetailsManagerConfigurer : Global AuthenticationManager configured with UserDetailsService bean with name userDetailsService
2026-08-21 11:22:58.834  INFO --- [main] o.s.b.w.embedded.tomcat.TomcatWebServer  : Tomcat started on port 8081 (http) with context path '/'
2026-08-21 11:22:58.846  INFO --- [main] com.portfolio.keyra.KeyraApplication     : Started KeyraApplication in 5.976 seconds (process running for 6.66)
2026-08-21 11:23:15.799  INFO --- [http-nio-8081-exec-1] o.a.c.c.C.[Tomcat].[localhost].[/]       : Initializing Spring DispatcherServlet 'dispatcherServlet'
2026-08-21 11:23:15.800  INFO --- [http-nio-8081-exec-1] o.s.web.servlet.DispatcherServlet        : Initializing Servlet 'dispatcherServlet'
2026-08-21 11:23:15.801  INFO --- [http-nio-8081-exec-1] o.s.web.servlet.DispatcherServlet        : Completed initialization in 1 ms
2026-08-21 11:23:21.230  INFO --- [http-nio-8081-exec-2] p.k.c.CustomAuthenticationSuccessHandler : Session ID: 1AC0E3A86208A8D841E627475657B3FA
2026-08-21 11:23:21.230  INFO --- [http-nio-8081-exec-2] p.k.c.CustomAuthenticationSuccessHandler : Session max inactive interval: 1800 seconds
2026-08-21 11:24:38.668  INFO --- [SpringApplicationShutdownHook] o.s.b.w.e.tomcat.GracefulShutdown        : Commencing graceful shutdown. Waiting for active requests to complete
2026-08-21 11:24:38.677  INFO --- [tomcat-shutdown] o.s.b.w.e.tomcat.GracefulShutdown        : Graceful shutdown complete
2026-08-21 11:24:38.682  INFO --- [SpringApplicationShutdownHook] j.LocalContainerEntityManagerFactoryBean : Closing JPA EntityManagerFactory for persistence unit 'default'
2026-08-21 11:24:38.684  INFO --- [SpringApplicationShutdownHook] com.zaxxer.hikari.HikariDataSource       : HikariPool-1 - Shutdown initiated...
2026-08-21 11:24:38.686  INFO --- [SpringApplicationShutdownHook] com.zaxxer.hikari.HikariDataSource       : HikariPool-1 - Shutdown completed.
2026-08-21 11:24:40.830  INFO --- [main] com.portfolio.keyra.KeyraApplication     : Starting KeyraApplication using Java 21.0.10 with PID 5816 (C:\Users\valem\IdeaProjects\password_manager\target\classes started by valem in C:\Users\valem\IdeaProjects\password_manager)
2026-08-21 11:24:40.833  INFO --- [main] com.portfolio.keyra.KeyraApplication     : No active profile set, falling back to 1 default profile: "default"
2026-08-21 11:24:41.459  INFO --- [main] .s.d.r.c.RepositoryConfigurationDelegate : Bootstrapping Spring Data JPA repositories in DEFAULT mode.
2026-08-21 11:24:41.515  INFO --- [main] .s.d.r.c.RepositoryConfigurationDelegate : Finished Spring Data repository scanning in 49 ms. Found 3 JPA repository interfaces.
2026-08-21 11:24:41.971  INFO --- [main] o.s.b.w.embedded.tomcat.TomcatWebServer  : Tomcat initialized with port 8081 (http)
2026-08-21 11:24:41.982  INFO --- [main] o.apache.catalina.core.StandardService   : Starting service [Tomcat]
2026-08-21 11:24:41.983  INFO --- [main] o.apache.catalina.core.StandardEngine    : Starting Servlet engine: [Apache Tomcat/10.1.33]
2026-08-21 11:24:42.042  INFO --- [main] o.a.c.c.C.[Tomcat].[localhost].[/]       : Initializing Spring embedded WebApplicationContext
2026-08-21 11:24:42.042  INFO --- [main] w.s.c.ServletWebServerApplicationContext : Root WebApplicationContext: initialization completed in 1169 ms
2026-08-21 11:24:42.150  INFO --- [main] com.zaxxer.hikari.HikariDataSource       : HikariPool-1 - Starting...
2026-08-21 11:24:42.315  INFO --- [main] com.zaxxer.hikari.pool.HikariPool        : HikariPool-1 - Added connection org.postgresql.jdbc.PgConnection@5438fa43
2026-08-21 11:24:42.316  INFO --- [main] com.zaxxer.hikari.HikariDataSource       : HikariPool-1 - Start completed.
2026-08-21 11:24:42.441  INFO --- [main] liquibase.database                       : Set default schema name to public
2026-08-21 11:24:42.824  INFO --- [main] liquibase.changelog                      : Reading from public.databasechangelog
2026-08-21 11:24:42.866  INFO --- [main] liquibase.ui                             : Database is up to date, no changesets to execute
2026-08-21 11:24:42.867  INFO --- [main] liquibase.changelog                      : Reading from public.databasechangelog
2026-08-21 11:24:42.874  INFO --- [main] liquibase.util                           : UPDATE SUMMARY
2026-08-21 11:24:42.874  INFO --- [main] liquibase.util                           : Run:                          0
2026-08-21 11:24:42.874  INFO --- [main] liquibase.util                           : Previously run:               3
2026-08-21 11:24:42.874  INFO --- [main] liquibase.util                           : Filtered out:                 0
2026-08-21 11:24:42.874  INFO --- [main] liquibase.util                           : -------------------------------
2026-08-21 11:24:42.874  INFO --- [main] liquibase.util                           : Total change sets:            3
2026-08-21 11:24:42.875  INFO --- [main] liquibase.util                           : Update summary generated
2026-08-21 11:24:42.876  INFO --- [main] liquibase.command                        : Command execution complete
2026-08-21 11:24:42.944  INFO --- [main] o.hibernate.jpa.internal.util.LogHelper  : HHH000204: Processing PersistenceUnitInfo [name: default]
2026-08-21 11:24:42.997  INFO --- [main] org.hibernate.Version                    : HHH000412: Hibernate ORM core version 6.6.2.Final
2026-08-21 11:24:43.027  INFO --- [main] o.h.c.internal.RegionFactoryInitiator    : HHH000026: Second-level cache disabled
2026-08-21 11:24:43.282  INFO --- [main] o.s.o.j.p.SpringPersistenceUnitInfo      : No LoadTimeWeaver setup: ignoring JPA class transformer
2026-08-21 11:24:43.323  WARN --- [main] org.hibernate.orm.deprecation            : HHH90000025: PostgreSQLDialect does not need to be specified explicitly using 'hibernate.dialect' (remove the property setting and it will be selected by default)
2026-08-21 11:24:43.334  INFO --- [main] org.hibernate.orm.connections.pooling    : HHH10001005: Database info:
	Database JDBC URL [Connecting through datasource 'HikariDataSource (HikariPool-1)']
	Database driver: undefined/unknown
	Database version: 18.3
	Autocommit mode: undefined/unknown
	Isolation level: undefined/unknown
	Minimum pool size: undefined/unknown
	Maximum pool size: undefined/unknown
2026-08-21 11:24:44.178  INFO --- [main] o.h.e.t.j.p.i.JtaPlatformInitiator       : HHH000489: No JTA platform available (set 'hibernate.transaction.jta.platform' to enable JTA platform integration)
2026-08-21 11:24:44.208  INFO --- [main] j.LocalContainerEntityManagerFactoryBean : Initialized JPA EntityManagerFactory for persistence unit 'default'
2026-08-21 11:24:44.446  INFO --- [main] o.s.d.j.r.query.QueryEnhancerFactory     : Hibernate is in classpath; If applicable, HQL parser will be used.
2026-08-21 11:24:45.170  WARN --- [main] JpaBaseConfiguration$JpaWebConfiguration : spring.jpa.open-in-view is enabled by default. Therefore, database queries may be performed during view rendering. Explicitly configure spring.jpa.open-in-view to disable this warning
2026-08-21 11:24:45.189  INFO --- [main] r$InitializeUserDetailsManagerConfigurer : Global AuthenticationManager configured with UserDetailsService bean with name userDetailsService
2026-08-21 11:24:45.785  INFO --- [main] o.s.b.w.embedded.tomcat.TomcatWebServer  : Tomcat started on port 8081 (http) with context path '/'
2026-08-21 11:24:45.793  INFO --- [main] com.portfolio.keyra.KeyraApplication     : Started KeyraApplication in 5.37 seconds (process running for 6.013)
2026-08-21 11:24:46.917  INFO --- [http-nio-8081-exec-1] o.a.c.c.C.[Tomcat].[localhost].[/]       : Initializing Spring DispatcherServlet 'dispatcherServlet'
2026-08-21 11:24:46.917  INFO --- [http-nio-8081-exec-1] o.s.web.servlet.DispatcherServlet        : Initializing Servlet 'dispatcherServlet'
2026-08-21 11:24:46.917  INFO --- [http-nio-8081-exec-1] o.s.web.servlet.DispatcherServlet        : Completed initialization in 0 ms
2026-08-21 11:29:14.499  INFO --- [SpringApplicationShutdownHook] o.s.b.w.e.tomcat.GracefulShutdown        : Commencing graceful shutdown. Waiting for active requests to complete
2026-08-21 11:29:14.505  INFO --- [tomcat-shutdown] o.s.b.w.e.tomcat.GracefulShutdown        : Graceful shutdown complete
2026-08-21 11:29:14.509  INFO --- [SpringApplicationShutdownHook] j.LocalContainerEntityManagerFactoryBean : Closing JPA EntityManagerFactory for persistence unit 'default'
2026-08-21 11:29:14.512  INFO --- [SpringApplicationShutdownHook] com.zaxxer.hikari.HikariDataSource       : HikariPool-1 - Shutdown initiated...
2026-08-21 11:29:14.514  INFO --- [SpringApplicationShutdownHook] com.zaxxer.hikari.HikariDataSource       : HikariPool-1 - Shutdown completed.
2026-08-21 11:29:16.929  INFO --- [main] com.portfolio.keyra.KeyraApplication     : Starting KeyraApplication using Java 21.0.10 with PID 13004 (C:\Users\valem\IdeaProjects\password_manager\target\classes started by valem in C:\Users\valem\IdeaProjects\password_manager)
2026-08-21 11:29:16.931  INFO --- [main] com.portfolio.keyra.KeyraApplication     : No active profile set, falling back to 1 default profile: "default"
2026-08-21 11:29:17.675  INFO --- [main] .s.d.r.c.RepositoryConfigurationDelegate : Bootstrapping Spring Data JPA repositories in DEFAULT mode.
2026-08-21 11:29:17.743  INFO --- [main] .s.d.r.c.RepositoryConfigurationDelegate : Finished Spring Data repository scanning in 60 ms. Found 3 JPA repository interfaces.
2026-08-21 11:29:18.267  INFO --- [main] o.s.b.w.embedded.tomcat.TomcatWebServer  : Tomcat initialized with port 8081 (http)
2026-08-21 11:29:18.280  INFO --- [main] o.apache.catalina.core.StandardService   : Starting service [Tomcat]
2026-08-21 11:29:18.280  INFO --- [main] o.apache.catalina.core.StandardEngine    : Starting Servlet engine: [Apache Tomcat/10.1.33]
2026-08-21 11:29:18.344  INFO --- [main] o.a.c.c.C.[Tomcat].[localhost].[/]       : Initializing Spring embedded WebApplicationContext
2026-08-21 11:29:18.344  INFO --- [main] w.s.c.ServletWebServerApplicationContext : Root WebApplicationContext: initialization completed in 1370 ms
2026-08-21 11:29:18.437  INFO --- [main] com.zaxxer.hikari.HikariDataSource       : HikariPool-1 - Starting...
2026-08-21 11:29:18.607  INFO --- [main] com.zaxxer.hikari.pool.HikariPool        : HikariPool-1 - Added connection org.postgresql.jdbc.PgConnection@5438fa43
2026-08-21 11:29:18.609  INFO --- [main] com.zaxxer.hikari.HikariDataSource       : HikariPool-1 - Start completed.
2026-08-21 11:29:18.739  INFO --- [main] liquibase.database                       : Set default schema name to public
2026-08-21 11:29:19.143  INFO --- [main] liquibase.changelog                      : Reading from public.databasechangelog
2026-08-21 11:29:19.184  INFO --- [main] liquibase.ui                             : Database is up to date, no changesets to execute
2026-08-21 11:29:19.187  INFO --- [main] liquibase.changelog                      : Reading from public.databasechangelog
2026-08-21 11:29:19.194  INFO --- [main] liquibase.util                           : UPDATE SUMMARY
2026-08-21 11:29:19.194  INFO --- [main] liquibase.util                           : Run:                          0
2026-08-21 11:29:19.194  INFO --- [main] liquibase.util                           : Previously run:               3
2026-08-21 11:29:19.195  INFO --- [main] liquibase.util                           : Filtered out:                 0
2026-08-21 11:29:19.195  INFO --- [main] liquibase.util                           : -------------------------------
2026-08-21 11:29:19.195  INFO --- [main] liquibase.util                           : Total change sets:            3
2026-08-21 11:29:19.196  INFO --- [main] liquibase.util                           : Update summary generated
2026-08-21 11:29:19.197  INFO --- [main] liquibase.command                        : Command execution complete
2026-08-21 11:29:19.285  INFO --- [main] o.hibernate.jpa.internal.util.LogHelper  : HHH000204: Processing PersistenceUnitInfo [name: default]
2026-08-21 11:29:19.355  INFO --- [main] org.hibernate.Version                    : HHH000412: Hibernate ORM core version 6.6.2.Final
2026-08-21 11:29:19.388  INFO --- [main] o.h.c.internal.RegionFactoryInitiator    : HHH000026: Second-level cache disabled
2026-08-21 11:29:19.654  INFO --- [main] o.s.o.j.p.SpringPersistenceUnitInfo      : No LoadTimeWeaver setup: ignoring JPA class transformer
2026-08-21 11:29:19.699  WARN --- [main] org.hibernate.orm.deprecation            : HHH90000025: PostgreSQLDialect does not need to be specified explicitly using 'hibernate.dialect' (remove the property setting and it will be selected by default)
2026-08-21 11:29:19.712  INFO --- [main] org.hibernate.orm.connections.pooling    : HHH10001005: Database info:
	Database JDBC URL [Connecting through datasource 'HikariDataSource (HikariPool-1)']
	Database driver: undefined/unknown
	Database version: 18.3
	Autocommit mode: undefined/unknown
	Isolation level: undefined/unknown
	Minimum pool size: undefined/unknown
	Maximum pool size: undefined/unknown
2026-08-21 11:29:20.649  INFO --- [main] o.h.e.t.j.p.i.JtaPlatformInitiator       : HHH000489: No JTA platform available (set 'hibernate.transaction.jta.platform' to enable JTA platform integration)
2026-08-21 11:29:20.682  INFO --- [main] j.LocalContainerEntityManagerFactoryBean : Initialized JPA EntityManagerFactory for persistence unit 'default'
2026-08-21 11:29:20.956  INFO --- [main] o.s.d.j.r.query.QueryEnhancerFactory     : Hibernate is in classpath; If applicable, HQL parser will be used.
2026-08-21 11:29:21.788  WARN --- [main] JpaBaseConfiguration$JpaWebConfiguration : spring.jpa.open-in-view is enabled by default. Therefore, database queries may be performed during view rendering. Explicitly configure spring.jpa.open-in-view to disable this warning
2026-08-21 11:29:21.809  INFO --- [main] r$InitializeUserDetailsManagerConfigurer : Global AuthenticationManager configured with UserDetailsService bean with name userDetailsService
2026-08-21 11:29:22.332  INFO --- [main] o.s.b.w.embedded.tomcat.TomcatWebServer  : Tomcat started on port 8081 (http) with context path '/'
2026-08-21 11:29:22.343  INFO --- [main] com.portfolio.keyra.KeyraApplication     : Started KeyraApplication in 5.881 seconds (process running for 6.783)
2026-08-21 11:29:23.480  INFO --- [http-nio-8081-exec-1] o.a.c.c.C.[Tomcat].[localhost].[/]       : Initializing Spring DispatcherServlet 'dispatcherServlet'
2026-08-21 11:29:23.480  INFO --- [http-nio-8081-exec-1] o.s.web.servlet.DispatcherServlet        : Initializing Servlet 'dispatcherServlet'
2026-08-21 11:29:23.481  INFO --- [http-nio-8081-exec-1] o.s.web.servlet.DispatcherServlet        : Completed initialization in 1 ms
2026-08-21 11:29:26.668  INFO --- [http-nio-8081-exec-10] p.k.c.CustomAuthenticationSuccessHandler : Session ID: 70B829A1C3D5C0676B8C42849ADC9D41
2026-08-21 11:29:26.668  INFO --- [http-nio-8081-exec-10] p.k.c.CustomAuthenticationSuccessHandler : Session max inactive interval: 1800 seconds
2026-08-21 11:53:16.165  INFO --- [main] com.portfolio.keyra.KeyraApplication     : Starting KeyraApplication using Java 21.0.10 with PID 32688 (C:\Users\valem\OneDrive\Documenti\Aprogettigit\password_manager_x_authserver\target\classes started by valem in C:\Users\valem\OneDrive\Documenti\Aprogettigit\password_manager_x_authserver)
2026-08-21 11:53:16.169  INFO --- [main] com.portfolio.keyra.KeyraApplication     : No active profile set, falling back to 1 default profile: "default"
2026-08-21 11:53:17.470  INFO --- [main] .s.d.r.c.RepositoryConfigurationDelegate : Bootstrapping Spring Data JPA repositories in DEFAULT mode.
2026-08-21 11:53:17.529  INFO --- [main] .s.d.r.c.RepositoryConfigurationDelegate : Finished Spring Data repository scanning in 51 ms. Found 3 JPA repository interfaces.
2026-08-21 11:53:18.034  INFO --- [main] o.s.b.w.embedded.tomcat.TomcatWebServer  : Tomcat initialized with port 8081 (http)
2026-08-21 11:53:18.047  INFO --- [main] o.apache.catalina.core.StandardService   : Starting service [Tomcat]
2026-08-21 11:53:18.047  INFO --- [main] o.apache.catalina.core.StandardEngine    : Starting Servlet engine: [Apache Tomcat/10.1.33]
2026-08-21 11:53:18.111  INFO --- [main] o.a.c.c.C.[Tomcat].[localhost].[/]       : Initializing Spring embedded WebApplicationContext
2026-08-21 11:53:18.112  INFO --- [main] w.s.c.ServletWebServerApplicationContext : Root WebApplicationContext: initialization completed in 1885 ms
2026-08-21 11:53:18.205  INFO --- [main] com.zaxxer.hikari.HikariDataSource       : HikariPool-1 - Starting...
2026-08-21 11:53:18.374  INFO --- [main] com.zaxxer.hikari.pool.HikariPool        : HikariPool-1 - Added connection org.postgresql.jdbc.PgConnection@7d30007d
2026-08-21 11:53:18.376  INFO --- [main] com.zaxxer.hikari.HikariDataSource       : HikariPool-1 - Start completed.
2026-08-21 11:53:18.516  INFO --- [main] liquibase.database                       : Set default schema name to public
2026-08-21 11:53:18.953  INFO --- [main] liquibase.changelog                      : Reading from public.databasechangelog
2026-08-21 11:53:18.999  INFO --- [main] liquibase.ui                             : Database is up to date, no changesets to execute
2026-08-21 11:53:19.001  INFO --- [main] liquibase.changelog                      : Reading from public.databasechangelog
2026-08-21 11:53:19.007  INFO --- [main] liquibase.util                           : UPDATE SUMMARY
2026-08-21 11:53:19.008  INFO --- [main] liquibase.util                           : Run:                          0
2026-08-21 11:53:19.008  INFO --- [main] liquibase.util                           : Previously run:               3
2026-08-21 11:53:19.008  INFO --- [main] liquibase.util                           : Filtered out:                 0
2026-08-21 11:53:19.008  INFO --- [main] liquibase.util                           : -------------------------------
2026-08-21 11:53:19.008  INFO --- [main] liquibase.util                           : Total change sets:            3
2026-08-21 11:53:19.009  INFO --- [main] liquibase.util                           : Update summary generated
2026-08-21 11:53:19.011  INFO --- [main] liquibase.command                        : Command execution complete
2026-08-21 11:53:19.084  INFO --- [main] o.hibernate.jpa.internal.util.LogHelper  : HHH000204: Processing PersistenceUnitInfo [name: default]
2026-08-21 11:53:19.139  INFO --- [main] org.hibernate.Version                    : HHH000412: Hibernate ORM core version 6.6.2.Final
2026-08-21 11:53:19.171  INFO --- [main] o.h.c.internal.RegionFactoryInitiator    : HHH000026: Second-level cache disabled
2026-08-21 11:53:19.436  INFO --- [main] o.s.o.j.p.SpringPersistenceUnitInfo      : No LoadTimeWeaver setup: ignoring JPA class transformer
2026-08-21 11:53:19.484  WARN --- [main] org.hibernate.orm.deprecation            : HHH90000025: PostgreSQLDialect does not need to be specified explicitly using 'hibernate.dialect' (remove the property setting and it will be selected by default)
2026-08-21 11:53:19.496  INFO --- [main] org.hibernate.orm.connections.pooling    : HHH10001005: Database info:
	Database JDBC URL [Connecting through datasource 'HikariDataSource (HikariPool-1)']
	Database driver: undefined/unknown
	Database version: 18.3
	Autocommit mode: undefined/unknown
	Isolation level: undefined/unknown
	Minimum pool size: undefined/unknown
	Maximum pool size: undefined/unknown
2026-08-21 11:53:20.361  INFO --- [main] o.h.e.t.j.p.i.JtaPlatformInitiator       : HHH000489: No JTA platform available (set 'hibernate.transaction.jta.platform' to enable JTA platform integration)
2026-08-21 11:53:20.391  INFO --- [main] j.LocalContainerEntityManagerFactoryBean : Initialized JPA EntityManagerFactory for persistence unit 'default'
2026-08-21 11:53:20.630  INFO --- [main] o.s.d.j.r.query.QueryEnhancerFactory     : Hibernate is in classpath; If applicable, HQL parser will be used.
2026-08-21 11:53:21.354  WARN --- [main] JpaBaseConfiguration$JpaWebConfiguration : spring.jpa.open-in-view is enabled by default. Therefore, database queries may be performed during view rendering. Explicitly configure spring.jpa.open-in-view to disable this warning
2026-08-21 11:53:21.372  INFO --- [main] r$InitializeUserDetailsManagerConfigurer : Global AuthenticationManager configured with UserDetailsService bean with name userDetailsService
2026-08-21 11:53:21.851  WARN --- [main] ConfigServletWebServerApplicationContext : Exception encountered during context initialization - cancelling refresh attempt: org.springframework.context.ApplicationContextException: Failed to start bean 'webServerStartStop'
2026-08-21 11:53:21.852  INFO --- [main] j.LocalContainerEntityManagerFactoryBean : Closing JPA EntityManagerFactory for persistence unit 'default'
2026-08-21 11:53:21.855  INFO --- [main] com.zaxxer.hikari.HikariDataSource       : HikariPool-1 - Shutdown initiated...
2026-08-21 11:53:21.858  INFO --- [main] com.zaxxer.hikari.HikariDataSource       : HikariPool-1 - Shutdown completed.
2026-08-21 11:53:21.869  INFO --- [main] .s.b.a.l.ConditionEvaluationReportLogger : 

Error starting ApplicationContext. To display the condition evaluation report re-run your application with 'debug' enabled.
2026-08-21 11:53:21.884 ERROR --- [main] o.s.b.d.LoggingFailureAnalysisReporter   : 

***************************
APPLICATION FAILED TO START
***************************

Description:

Web server failed to start. Port 8081 was already in use.

Action:

Identify and stop the process that's listening on port 8081 or configure this application to listen on another port.

